obs,pop,buurt,buurt
http://lod.cedar-project.nl:8888/cedar/resource/VT_1869_01_H1-S3-R97-h,266,afwezig (111 schepen),afwezig (111 schepen)
http://lod.cedar-project.nl:8888/cedar/resource/VT_1869_01_H1-S3-F46-h,406,Buurt A,https://adamlink.nl/geo/district/buurt-a/134
http://lod.cedar-project.nl:8888/cedar/resource/VT_1869_01_H1-S3-G46-h,4,Buurt A,https://adamlink.nl/geo/district/buurt-a/134
http://lod.cedar-project.nl:8888/cedar/resource/VT_1869_01_H1-S3-H47-h,7,Buurt A,https://adamlink.nl/geo/district/buurt-a/134
http://lod.cedar-project.nl:8888/cedar/resource/VT_1869_01_H1-S3-J46-h,872,Buurt A,https://adamlink.nl/geo/district/buurt-a/134
http://lod.cedar-project.nl:8888/cedar/resource/VT_1869_01_H1-S3-K46-h,1861,Buurt A,https://adamlink.nl/geo/district/buurt-a/134
http://lod.cedar-project.nl:8888/cedar/resource/VT_1869_01_H1-S3-L46-h,2202,Buurt A,https://adamlink.nl/geo/district/buurt-a/134
http://lod.cedar-project.nl:8888/cedar/resource/VT_1869_01_H1-S3-M46-h,1846,Buurt A,https://adamlink.nl/geo/district/buurt-a/134
http://lod.cedar-project.nl:8888/cedar/resource/VT_1869_01_H1-S3-N46-h,2193,Buurt A,https://adamlink.nl/geo/district/buurt-a/134
http://lod.cedar-project.nl:8888/cedar/resource/VT_1869_01_H1-S3-O46-h,15,Buurt A,https://adamlink.nl/geo/district/buurt-a/134
http://lod.cedar-project.nl:8888/cedar/resource/VT_1869_01_H1-S3-P46-h,9,Buurt A,https://adamlink.nl/geo/district/buurt-a/134
http://lod.cedar-project.nl:8888/cedar/resource/VT_1869_01_H1-S3-Q46-h,48,Buurt A,https://adamlink.nl/geo/district/buurt-a/134
http://lod.cedar-project.nl:8888/cedar/resource/VT_1869_01_H1-S3-R46-h,5,Buurt A,https://adamlink.nl/geo/district/buurt-a/134
http://lod.cedar-project.nl:8888/cedar/resource/VT_1869_01_H1-S3-F71-h,722,Buurt A.A,https://adamlink.nl/geo/district/buurt-aa/128
http://lod.cedar-project.nl:8888/cedar/resource/VT_1869_01_H1-S3-G71-h,10,Buurt A.A,https://adamlink.nl/geo/district/buurt-aa/128
http://lod.cedar-project.nl:8888/cedar/resource/VT_1869_01_H1-S3-J71-h,1362,Buurt A.A,https://adamlink.nl/geo/district/buurt-aa/128
http://lod.cedar-project.nl:8888/cedar/resource/VT_1869_01_H1-S3-K71-h,2892,Buurt A.A,https://adamlink.nl/geo/district/buurt-aa/128
http://lod.cedar-project.nl:8888/cedar/resource/VT_1869_01_H1-S3-L71-h,3712,Buurt A.A,https://adamlink.nl/geo/district/buurt-aa/128
http://lod.cedar-project.nl:8888/cedar/resource/VT_1869_01_H1-S3-M71-h,2879,Buurt A.A,https://adamlink.nl/geo/district/buurt-aa/128
http://lod.cedar-project.nl:8888/cedar/resource/VT_1869_01_H1-S3-N71-h,3681,Buurt A.A,https://adamlink.nl/geo/district/buurt-aa/128
http://lod.cedar-project.nl:8888/cedar/resource/VT_1869_01_H1-S3-O71-h,13,Buurt A.A,https://adamlink.nl/geo/district/buurt-aa/128
http://lod.cedar-project.nl:8888/cedar/resource/VT_1869_01_H1-S3-P71-h,31,Buurt A.A,https://adamlink.nl/geo/district/buurt-aa/128
http://lod.cedar-project.nl:8888/cedar/resource/VT_1869_01_H1-S3-Q71-h,46,Buurt A.A,https://adamlink.nl/geo/district/buurt-aa/128
http://lod.cedar-project.nl:8888/cedar/resource/VT_1869_01_H1-S3-R71-h,26,Buurt A.A,https://adamlink.nl/geo/district/buurt-aa/128
http://lod.cedar-project.nl:8888/cedar/resource/VT_1869_01_H1-S3-F47-h,293,Buurt B,https://adamlink.nl/geo/district/buurt-b/136
http://lod.cedar-project.nl:8888/cedar/resource/VT_1869_01_H1-S3-G47-h,3,Buurt B,https://adamlink.nl/geo/district/buurt-b/136
http://lod.cedar-project.nl:8888/cedar/resource/VT_1869_01_H1-S3-J47-h,456,Buurt B,https://adamlink.nl/geo/district/buurt-b/136
http://lod.cedar-project.nl:8888/cedar/resource/VT_1869_01_H1-S3-K47-h,1296,Buurt B,https://adamlink.nl/geo/district/buurt-b/136
http://lod.cedar-project.nl:8888/cedar/resource/VT_1869_01_H1-S3-L47-h,1680,Buurt B,https://adamlink.nl/geo/district/buurt-b/136
http://lod.cedar-project.nl:8888/cedar/resource/VT_1869_01_H1-S3-M47-h,1250,Buurt B,https://adamlink.nl/geo/district/buurt-b/136
http://lod.cedar-project.nl:8888/cedar/resource/VT_1869_01_H1-S3-N47-h,1659,Buurt B,https://adamlink.nl/geo/district/buurt-b/136
http://lod.cedar-project.nl:8888/cedar/resource/VT_1869_01_H1-S3-O47-h,46,Buurt B,https://adamlink.nl/geo/district/buurt-b/136
http://lod.cedar-project.nl:8888/cedar/resource/VT_1869_01_H1-S3-P47-h,21,Buurt B,https://adamlink.nl/geo/district/buurt-b/136
http://lod.cedar-project.nl:8888/cedar/resource/VT_1869_01_H1-S3-Q47-h,29,Buurt B,https://adamlink.nl/geo/district/buurt-b/136
http://lod.cedar-project.nl:8888/cedar/resource/VT_1869_01_H1-S3-R47-h,14,Buurt B,https://adamlink.nl/geo/district/buurt-b/136
http://lod.cedar-project.nl:8888/cedar/resource/VT_1869_01_H1-S3-F72-h,575,Buurt B.B,https://adamlink.nl/geo/district/buurt-bb/126
http://lod.cedar-project.nl:8888/cedar/resource/VT_1869_01_H1-S3-G72-h,5,Buurt B.B,https://adamlink.nl/geo/district/buurt-bb/126
http://lod.cedar-project.nl:8888/cedar/resource/VT_1869_01_H1-S3-J72-h,1278,Buurt B.B,https://adamlink.nl/geo/district/buurt-bb/126
http://lod.cedar-project.nl:8888/cedar/resource/VT_1869_01_H1-S3-K72-h,2299,Buurt B.B,https://adamlink.nl/geo/district/buurt-bb/126
http://lod.cedar-project.nl:8888/cedar/resource/VT_1869_01_H1-S3-L72-h,3126,Buurt B.B,https://adamlink.nl/geo/district/buurt-bb/126
http://lod.cedar-project.nl:8888/cedar/resource/VT_1869_01_H1-S3-M72-h,2291,Buurt B.B,https://adamlink.nl/geo/district/buurt-bb/126
http://lod.cedar-project.nl:8888/cedar/resource/VT_1869_01_H1-S3-N72-h,3105,Buurt B.B,https://adamlink.nl/geo/district/buurt-bb/126
http://lod.cedar-project.nl:8888/cedar/resource/VT_1869_01_H1-S3-O72-h,8,Buurt B.B,https://adamlink.nl/geo/district/buurt-bb/126
http://lod.cedar-project.nl:8888/cedar/resource/VT_1869_01_H1-S3-P72-h,21,Buurt B.B,https://adamlink.nl/geo/district/buurt-bb/126
http://lod.cedar-project.nl:8888/cedar/resource/VT_1869_01_H1-S3-Q72-h,51,Buurt B.B,https://adamlink.nl/geo/district/buurt-bb/126
http://lod.cedar-project.nl:8888/cedar/resource/VT_1869_01_H1-S3-R72-h,20,Buurt B.B,https://adamlink.nl/geo/district/buurt-bb/126
http://lod.cedar-project.nl:8888/cedar/resource/VT_1869_01_H1-S3-F48-h,501,Buurt C,https://adamlink.nl/geo/district/buurt-c/141
http://lod.cedar-project.nl:8888/cedar/resource/VT_1869_01_H1-S3-G48-h,2,Buurt C,https://adamlink.nl/geo/district/buurt-c/141
http://lod.cedar-project.nl:8888/cedar/resource/VT_1869_01_H1-S3-J48-h,1185,Buurt C,https://adamlink.nl/geo/district/buurt-c/141
http://lod.cedar-project.nl:8888/cedar/resource/VT_1869_01_H1-S3-K48-h,2897,Buurt C,https://adamlink.nl/geo/district/buurt-c/141
http://lod.cedar-project.nl:8888/cedar/resource/VT_1869_01_H1-S3-L48-h,3346,Buurt C,https://adamlink.nl/geo/district/buurt-c/141
http://lod.cedar-project.nl:8888/cedar/resource/VT_1869_01_H1-S3-M48-h,2875,Buurt C,https://adamlink.nl/geo/district/buurt-c/141
http://lod.cedar-project.nl:8888/cedar/resource/VT_1869_01_H1-S3-N48-h,3327,Buurt C,https://adamlink.nl/geo/district/buurt-c/141
http://lod.cedar-project.nl:8888/cedar/resource/VT_1869_01_H1-S3-O48-h,22,Buurt C,https://adamlink.nl/geo/district/buurt-c/141
http://lod.cedar-project.nl:8888/cedar/resource/VT_1869_01_H1-S3-P48-h,19,Buurt C,https://adamlink.nl/geo/district/buurt-c/141
http://lod.cedar-project.nl:8888/cedar/resource/VT_1869_01_H1-S3-Q48-h,50,Buurt C,https://adamlink.nl/geo/district/buurt-c/141
http://lod.cedar-project.nl:8888/cedar/resource/VT_1869_01_H1-S3-R48-h,20,Buurt C,https://adamlink.nl/geo/district/buurt-c/141
http://lod.cedar-project.nl:8888/cedar/resource/VT_1869_01_H1-S3-F73-h,680,Buurt C.C,https://adamlink.nl/geo/district/buurt-cc/125
http://lod.cedar-project.nl:8888/cedar/resource/VT_1869_01_H1-S3-G73-h,3,Buurt C.C,https://adamlink.nl/geo/district/buurt-cc/125
http://lod.cedar-project.nl:8888/cedar/resource/VT_1869_01_H1-S3-J73-h,1663,Buurt C.C,https://adamlink.nl/geo/district/buurt-cc/125
http://lod.cedar-project.nl:8888/cedar/resource/VT_1869_01_H1-S3-K73-h,3219,Buurt C.C,https://adamlink.nl/geo/district/buurt-cc/125
http://lod.cedar-project.nl:8888/cedar/resource/VT_1869_01_H1-S3-L73-h,3918,Buurt C.C,https://adamlink.nl/geo/district/buurt-cc/125
http://lod.cedar-project.nl:8888/cedar/resource/VT_1869_01_H1-S3-M73-h,3122,Buurt C.C,https://adamlink.nl/geo/district/buurt-cc/125
http://lod.cedar-project.nl:8888/cedar/resource/VT_1869_01_H1-S3-N73-h,3876,Buurt C.C,https://adamlink.nl/geo/district/buurt-cc/125
http://lod.cedar-project.nl:8888/cedar/resource/VT_1869_01_H1-S3-O73-h,97,Buurt C.C,https://adamlink.nl/geo/district/buurt-cc/125
http://lod.cedar-project.nl:8888/cedar/resource/VT_1869_01_H1-S3-P73-h,42,Buurt C.C,https://adamlink.nl/geo/district/buurt-cc/125
http://lod.cedar-project.nl:8888/cedar/resource/VT_1869_01_H1-S3-Q73-h,55,Buurt C.C,https://adamlink.nl/geo/district/buurt-cc/125
http://lod.cedar-project.nl:8888/cedar/resource/VT_1869_01_H1-S3-R73-h,18,Buurt C.C,https://adamlink.nl/geo/district/buurt-cc/125
http://lod.cedar-project.nl:8888/cedar/resource/VT_1869_01_H1-S3-F49-h,298,Buurt D,https://adamlink.nl/geo/district/buurt-d/131
http://lod.cedar-project.nl:8888/cedar/resource/VT_1869_01_H1-S3-G49-h,3,Buurt D,https://adamlink.nl/geo/district/buurt-d/131
http://lod.cedar-project.nl:8888/cedar/resource/VT_1869_01_H1-S3-J49-h,601,Buurt D,https://adamlink.nl/geo/district/buurt-d/131
http://lod.cedar-project.nl:8888/cedar/resource/VT_1869_01_H1-S3-K49-h,1359,Buurt D,https://adamlink.nl/geo/district/buurt-d/131
http://lod.cedar-project.nl:8888/cedar/resource/VT_1869_01_H1-S3-L49-h,1768,Buurt D,https://adamlink.nl/geo/district/buurt-d/131
http://lod.cedar-project.nl:8888/cedar/resource/VT_1869_01_H1-S3-M49-h,1319,Buurt D,https://adamlink.nl/geo/district/buurt-d/131
http://lod.cedar-project.nl:8888/cedar/resource/VT_1869_01_H1-S3-N49-h,1749,Buurt D,https://adamlink.nl/geo/district/buurt-d/131
http://lod.cedar-project.nl:8888/cedar/resource/VT_1869_01_H1-S3-O49-h,40,Buurt D,https://adamlink.nl/geo/district/buurt-d/131
http://lod.cedar-project.nl:8888/cedar/resource/VT_1869_01_H1-S3-P49-h,19,Buurt D,https://adamlink.nl/geo/district/buurt-d/131
http://lod.cedar-project.nl:8888/cedar/resource/VT_1869_01_H1-S3-Q49-h,20,Buurt D,https://adamlink.nl/geo/district/buurt-d/131
http://lod.cedar-project.nl:8888/cedar/resource/VT_1869_01_H1-S3-R49-h,6,Buurt D,https://adamlink.nl/geo/district/buurt-d/131
http://lod.cedar-project.nl:8888/cedar/resource/VT_1869_01_H1-S3-F74-h,467,Buurt D.D,https://adamlink.nl/geo/district/buurt-dd/111
http://lod.cedar-project.nl:8888/cedar/resource/VT_1869_01_H1-S3-G74-h,9,Buurt D.D,https://adamlink.nl/geo/district/buurt-dd/111
http://lod.cedar-project.nl:8888/cedar/resource/VT_1869_01_H1-S3-H74-h,1,Buurt D.D,https://adamlink.nl/geo/district/buurt-dd/111
http://lod.cedar-project.nl:8888/cedar/resource/VT_1869_01_H1-S3-J74-h,1173,Buurt D.D,https://adamlink.nl/geo/district/buurt-dd/111
http://lod.cedar-project.nl:8888/cedar/resource/VT_1869_01_H1-S3-K74-h,2374,Buurt D.D,https://adamlink.nl/geo/district/buurt-dd/111
http://lod.cedar-project.nl:8888/cedar/resource/VT_1869_01_H1-S3-L74-h,2716,Buurt D.D,https://adamlink.nl/geo/district/buurt-dd/111
http://lod.cedar-project.nl:8888/cedar/resource/VT_1869_01_H1-S3-M74-h,2368,Buurt D.D,https://adamlink.nl/geo/district/buurt-dd/111
http://lod.cedar-project.nl:8888/cedar/resource/VT_1869_01_H1-S3-N74-h,2713,Buurt D.D,https://adamlink.nl/geo/district/buurt-dd/111
http://lod.cedar-project.nl:8888/cedar/resource/VT_1869_01_H1-S3-O74-h,6,Buurt D.D,https://adamlink.nl/geo/district/buurt-dd/111
http://lod.cedar-project.nl:8888/cedar/resource/VT_1869_01_H1-S3-P74-h,3,Buurt D.D,https://adamlink.nl/geo/district/buurt-dd/111
http://lod.cedar-project.nl:8888/cedar/resource/VT_1869_01_H1-S3-Q74-h,47,Buurt D.D,https://adamlink.nl/geo/district/buurt-dd/111
http://lod.cedar-project.nl:8888/cedar/resource/VT_1869_01_H1-S3-R74-h,9,Buurt D.D,https://adamlink.nl/geo/district/buurt-dd/111
http://lod.cedar-project.nl:8888/cedar/resource/VT_1869_01_H1-S3-F50-h,444,Buurt E,https://adamlink.nl/geo/district/buurt-e/130
http://lod.cedar-project.nl:8888/cedar/resource/VT_1869_01_H1-S3-G50-h,8,Buurt E,https://adamlink.nl/geo/district/buurt-e/130
http://lod.cedar-project.nl:8888/cedar/resource/VT_1869_01_H1-S3-H50-h,2,Buurt E,https://adamlink.nl/geo/district/buurt-e/130
http://lod.cedar-project.nl:8888/cedar/resource/VT_1869_01_H1-S3-J50-h,667,Buurt E,https://adamlink.nl/geo/district/buurt-e/130
http://lod.cedar-project.nl:8888/cedar/resource/VT_1869_01_H1-S3-K50-h,1603,Buurt E,https://adamlink.nl/geo/district/buurt-e/130
http://lod.cedar-project.nl:8888/cedar/resource/VT_1869_01_H1-S3-L50-h,2118,Buurt E,https://adamlink.nl/geo/district/buurt-e/130
http://lod.cedar-project.nl:8888/cedar/resource/VT_1869_01_H1-S3-M50-h,1546,Buurt E,https://adamlink.nl/geo/district/buurt-e/130
http://lod.cedar-project.nl:8888/cedar/resource/VT_1869_01_H1-S3-N50-h,2101,Buurt E,https://adamlink.nl/geo/district/buurt-e/130
http://lod.cedar-project.nl:8888/cedar/resource/VT_1869_01_H1-S3-O50-h,57,Buurt E,https://adamlink.nl/geo/district/buurt-e/130
http://lod.cedar-project.nl:8888/cedar/resource/VT_1869_01_H1-S3-P50-h,17,Buurt E,https://adamlink.nl/geo/district/buurt-e/130
http://lod.cedar-project.nl:8888/cedar/resource/VT_1869_01_H1-S3-Q50-h,39,Buurt E,https://adamlink.nl/geo/district/buurt-e/130
http://lod.cedar-project.nl:8888/cedar/resource/VT_1869_01_H1-S3-R50-h,14,Buurt E,https://adamlink.nl/geo/district/buurt-e/130
http://lod.cedar-project.nl:8888/cedar/resource/VT_1869_01_H1-S3-F75-h,601,Buurt E.E,https://adamlink.nl/geo/district/buurt-ee/110
http://lod.cedar-project.nl:8888/cedar/resource/VT_1869_01_H1-S3-G75-h,1,Buurt E.E,https://adamlink.nl/geo/district/buurt-ee/110
http://lod.cedar-project.nl:8888/cedar/resource/VT_1869_01_H1-S3-H75-h,1,Buurt E.E,https://adamlink.nl/geo/district/buurt-ee/110
http://lod.cedar-project.nl:8888/cedar/resource/VT_1869_01_H1-S3-J75-h,1645,Buurt E.E,https://adamlink.nl/geo/district/buurt-ee/110
http://lod.cedar-project.nl:8888/cedar/resource/VT_1869_01_H1-S3-K75-h,3342,Buurt E.E,https://adamlink.nl/geo/district/buurt-ee/110
http://lod.cedar-project.nl:8888/cedar/resource/VT_1869_01_H1-S3-L75-h,3746,Buurt E.E,https://adamlink.nl/geo/district/buurt-ee/110
http://lod.cedar-project.nl:8888/cedar/resource/VT_1869_01_H1-S3-M75-h,3340,Buurt E.E,https://adamlink.nl/geo/district/buurt-ee/110
http://lod.cedar-project.nl:8888/cedar/resource/VT_1869_01_H1-S3-N75-h,3742,Buurt E.E,https://adamlink.nl/geo/district/buurt-ee/110
http://lod.cedar-project.nl:8888/cedar/resource/VT_1869_01_H1-S3-O75-h,2,Buurt E.E,https://adamlink.nl/geo/district/buurt-ee/110
http://lod.cedar-project.nl:8888/cedar/resource/VT_1869_01_H1-S3-P75-h,4,Buurt E.E,https://adamlink.nl/geo/district/buurt-ee/110
http://lod.cedar-project.nl:8888/cedar/resource/VT_1869_01_H1-S3-Q75-h,49,Buurt E.E,https://adamlink.nl/geo/district/buurt-ee/110
http://lod.cedar-project.nl:8888/cedar/resource/VT_1869_01_H1-S3-R75-h,11,Buurt E.E,https://adamlink.nl/geo/district/buurt-ee/110
http://lod.cedar-project.nl:8888/cedar/resource/VT_1869_01_H1-S3-F51-h,334,Buurt F,https://adamlink.nl/geo/district/buurt-f/121
http://lod.cedar-project.nl:8888/cedar/resource/VT_1869_01_H1-S3-G51-h,6,Buurt F,https://adamlink.nl/geo/district/buurt-f/121
http://lod.cedar-project.nl:8888/cedar/resource/VT_1869_01_H1-S3-H51-h,4,Buurt F,https://adamlink.nl/geo/district/buurt-f/121
http://lod.cedar-project.nl:8888/cedar/resource/VT_1869_01_H1-S3-J51-h,574,Buurt F,https://adamlink.nl/geo/district/buurt-f/121
http://lod.cedar-project.nl:8888/cedar/resource/VT_1869_01_H1-S3-K51-h,1202,Buurt F,https://adamlink.nl/geo/district/buurt-f/121
http://lod.cedar-project.nl:8888/cedar/resource/VT_1869_01_H1-S3-L51-h,1500,Buurt F,https://adamlink.nl/geo/district/buurt-f/121
http://lod.cedar-project.nl:8888/cedar/resource/VT_1869_01_H1-S3-M51-h,1186,Buurt F,https://adamlink.nl/geo/district/buurt-f/121
http://lod.cedar-project.nl:8888/cedar/resource/VT_1869_01_H1-S3-N51-h,1484,Buurt F,https://adamlink.nl/geo/district/buurt-f/121
http://lod.cedar-project.nl:8888/cedar/resource/VT_1869_01_H1-S3-O51-h,16,Buurt F,https://adamlink.nl/geo/district/buurt-f/121
http://lod.cedar-project.nl:8888/cedar/resource/VT_1869_01_H1-S3-P51-h,16,Buurt F,https://adamlink.nl/geo/district/buurt-f/121
http://lod.cedar-project.nl:8888/cedar/resource/VT_1869_01_H1-S3-Q51-h,29,Buurt F,https://adamlink.nl/geo/district/buurt-f/121
http://lod.cedar-project.nl:8888/cedar/resource/VT_1869_01_H1-S3-R51-h,7,Buurt F,https://adamlink.nl/geo/district/buurt-f/121
http://lod.cedar-project.nl:8888/cedar/resource/VT_1869_01_H1-S3-F76-h,434,Buurt F.F,https://adamlink.nl/geo/district/buurt-ff/112
http://lod.cedar-project.nl:8888/cedar/resource/VT_1869_01_H1-S3-G76-h,3,Buurt F.F,https://adamlink.nl/geo/district/buurt-ff/112
http://lod.cedar-project.nl:8888/cedar/resource/VT_1869_01_H1-S3-J76-h,1141,Buurt F.F,https://adamlink.nl/geo/district/buurt-ff/112
http://lod.cedar-project.nl:8888/cedar/resource/VT_1869_01_H1-S3-K76-h,2592,Buurt F.F,https://adamlink.nl/geo/district/buurt-ff/112
http://lod.cedar-project.nl:8888/cedar/resource/VT_1869_01_H1-S3-L76-h,2824,Buurt F.F,https://adamlink.nl/geo/district/buurt-ff/112
http://lod.cedar-project.nl:8888/cedar/resource/VT_1869_01_H1-S3-M76-h,2589,Buurt F.F,https://adamlink.nl/geo/district/buurt-ff/112
http://lod.cedar-project.nl:8888/cedar/resource/VT_1869_01_H1-S3-N76-h,2821,Buurt F.F,https://adamlink.nl/geo/district/buurt-ff/112
http://lod.cedar-project.nl:8888/cedar/resource/VT_1869_01_H1-S3-O76-h,3,Buurt F.F,https://adamlink.nl/geo/district/buurt-ff/112
http://lod.cedar-project.nl:8888/cedar/resource/VT_1869_01_H1-S3-P76-h,3,Buurt F.F,https://adamlink.nl/geo/district/buurt-ff/112
http://lod.cedar-project.nl:8888/cedar/resource/VT_1869_01_H1-S3-Q76-h,31,Buurt F.F,https://adamlink.nl/geo/district/buurt-ff/112
http://lod.cedar-project.nl:8888/cedar/resource/VT_1869_01_H1-S3-R76-h,8,Buurt F.F,https://adamlink.nl/geo/district/buurt-ff/112
http://lod.cedar-project.nl:8888/cedar/resource/VT_1869_01_H1-S3-F52-h,432,Buurt G,https://adamlink.nl/geo/district/buurt-g/120
http://lod.cedar-project.nl:8888/cedar/resource/VT_1869_01_H1-S3-G52-h,16,Buurt G,https://adamlink.nl/geo/district/buurt-g/120
http://lod.cedar-project.nl:8888/cedar/resource/VT_1869_01_H1-S3-H52-h,1,Buurt G,https://adamlink.nl/geo/district/buurt-g/120
http://lod.cedar-project.nl:8888/cedar/resource/VT_1869_01_H1-S3-J52-h,684,Buurt G,https://adamlink.nl/geo/district/buurt-g/120
http://lod.cedar-project.nl:8888/cedar/resource/VT_1869_01_H1-S3-K52-h,1423,Buurt G,https://adamlink.nl/geo/district/buurt-g/120
http://lod.cedar-project.nl:8888/cedar/resource/VT_1869_01_H1-S3-L52-h,1762,Buurt G,https://adamlink.nl/geo/district/buurt-g/120
http://lod.cedar-project.nl:8888/cedar/resource/VT_1869_01_H1-S3-M52-h,1409,Buurt G,https://adamlink.nl/geo/district/buurt-g/120
http://lod.cedar-project.nl:8888/cedar/resource/VT_1869_01_H1-S3-N52-h,1749,Buurt G,https://adamlink.nl/geo/district/buurt-g/120
http://lod.cedar-project.nl:8888/cedar/resource/VT_1869_01_H1-S3-O52-h,14,Buurt G,https://adamlink.nl/geo/district/buurt-g/120
http://lod.cedar-project.nl:8888/cedar/resource/VT_1869_01_H1-S3-P52-h,13,Buurt G,https://adamlink.nl/geo/district/buurt-g/120
http://lod.cedar-project.nl:8888/cedar/resource/VT_1869_01_H1-S3-Q52-h,37,Buurt G,https://adamlink.nl/geo/district/buurt-g/120
http://lod.cedar-project.nl:8888/cedar/resource/VT_1869_01_H1-S3-R52-h,13,Buurt G,https://adamlink.nl/geo/district/buurt-g/120
http://lod.cedar-project.nl:8888/cedar/resource/VT_1869_01_H1-S3-F77-h,542,Buurt G.G,https://adamlink.nl/geo/district/buurt-gg/113
http://lod.cedar-project.nl:8888/cedar/resource/VT_1869_01_H1-S3-G77-h,5,Buurt G.G,https://adamlink.nl/geo/district/buurt-gg/113
http://lod.cedar-project.nl:8888/cedar/resource/VT_1869_01_H1-S3-H77-h,1,Buurt G.G,https://adamlink.nl/geo/district/buurt-gg/113
http://lod.cedar-project.nl:8888/cedar/resource/VT_1869_01_H1-S3-J77-h,1530,Buurt G.G,https://adamlink.nl/geo/district/buurt-gg/113
http://lod.cedar-project.nl:8888/cedar/resource/VT_1869_01_H1-S3-K77-h,3206,Buurt G.G,https://adamlink.nl/geo/district/buurt-gg/113
http://lod.cedar-project.nl:8888/cedar/resource/VT_1869_01_H1-S3-L77-h,3485,Buurt G.G,https://adamlink.nl/geo/district/buurt-gg/113
http://lod.cedar-project.nl:8888/cedar/resource/VT_1869_01_H1-S3-M77-h,3201,Buurt G.G,https://adamlink.nl/geo/district/buurt-gg/113
http://lod.cedar-project.nl:8888/cedar/resource/VT_1869_01_H1-S3-N77-h,3483,Buurt G.G,https://adamlink.nl/geo/district/buurt-gg/113
http://lod.cedar-project.nl:8888/cedar/resource/VT_1869_01_H1-S3-O77-h,5,Buurt G.G,https://adamlink.nl/geo/district/buurt-gg/113
http://lod.cedar-project.nl:8888/cedar/resource/VT_1869_01_H1-S3-P77-h,2,Buurt G.G,https://adamlink.nl/geo/district/buurt-gg/113
http://lod.cedar-project.nl:8888/cedar/resource/VT_1869_01_H1-S3-Q77-h,53,Buurt G.G,https://adamlink.nl/geo/district/buurt-gg/113
http://lod.cedar-project.nl:8888/cedar/resource/VT_1869_01_H1-S3-R77-h,13,Buurt G.G,https://adamlink.nl/geo/district/buurt-gg/113
http://lod.cedar-project.nl:8888/cedar/resource/VT_1869_01_H1-S3-F53-h,518,Buurt H,https://adamlink.nl/geo/district/buurt-h/129
http://lod.cedar-project.nl:8888/cedar/resource/VT_1869_01_H1-S3-G53-h,1,Buurt H,https://adamlink.nl/geo/district/buurt-h/129
http://lod.cedar-project.nl:8888/cedar/resource/VT_1869_01_H1-S3-J53-h,1067,Buurt H,https://adamlink.nl/geo/district/buurt-h/129
http://lod.cedar-project.nl:8888/cedar/resource/VT_1869_01_H1-S3-K53-h,2342,Buurt H,https://adamlink.nl/geo/district/buurt-h/129
http://lod.cedar-project.nl:8888/cedar/resource/VT_1869_01_H1-S3-L53-h,2732,Buurt H,https://adamlink.nl/geo/district/buurt-h/129
http://lod.cedar-project.nl:8888/cedar/resource/VT_1869_01_H1-S3-M53-h,2319,Buurt H,https://adamlink.nl/geo/district/buurt-h/129
http://lod.cedar-project.nl:8888/cedar/resource/VT_1869_01_H1-S3-N53-h,2704,Buurt H,https://adamlink.nl/geo/district/buurt-h/129
http://lod.cedar-project.nl:8888/cedar/resource/VT_1869_01_H1-S3-O53-h,23,Buurt H,https://adamlink.nl/geo/district/buurt-h/129
http://lod.cedar-project.nl:8888/cedar/resource/VT_1869_01_H1-S3-P53-h,28,Buurt H,https://adamlink.nl/geo/district/buurt-h/129
http://lod.cedar-project.nl:8888/cedar/resource/VT_1869_01_H1-S3-Q53-h,65,Buurt H,https://adamlink.nl/geo/district/buurt-h/129
http://lod.cedar-project.nl:8888/cedar/resource/VT_1869_01_H1-S3-R53-h,14,Buurt H,https://adamlink.nl/geo/district/buurt-h/129
http://lod.cedar-project.nl:8888/cedar/resource/VT_1869_01_H1-S3-F78-h,423,Buurt H.H,https://adamlink.nl/geo/district/buurt-hh/114
http://lod.cedar-project.nl:8888/cedar/resource/VT_1869_01_H1-S3-G78-h,1,Buurt H.H,https://adamlink.nl/geo/district/buurt-hh/114
http://lod.cedar-project.nl:8888/cedar/resource/VT_1869_01_H1-S3-J78-h,869,Buurt H.H,https://adamlink.nl/geo/district/buurt-hh/114
http://lod.cedar-project.nl:8888/cedar/resource/VT_1869_01_H1-S3-K78-h,1804,Buurt H.H,https://adamlink.nl/geo/district/buurt-hh/114
http://lod.cedar-project.nl:8888/cedar/resource/VT_1869_01_H1-S3-L78-h,2241,Buurt H.H,https://adamlink.nl/geo/district/buurt-hh/114
http://lod.cedar-project.nl:8888/cedar/resource/VT_1869_01_H1-S3-M78-h,1801,Buurt H.H,https://adamlink.nl/geo/district/buurt-hh/114
http://lod.cedar-project.nl:8888/cedar/resource/VT_1869_01_H1-S3-N78-h,2239,Buurt H.H,https://adamlink.nl/geo/district/buurt-hh/114
http://lod.cedar-project.nl:8888/cedar/resource/VT_1869_01_H1-S3-O78-h,3,Buurt H.H,https://adamlink.nl/geo/district/buurt-hh/114
http://lod.cedar-project.nl:8888/cedar/resource/VT_1869_01_H1-S3-P78-h,2,Buurt H.H,https://adamlink.nl/geo/district/buurt-hh/114
http://lod.cedar-project.nl:8888/cedar/resource/VT_1869_01_H1-S3-Q78-h,37,Buurt H.H,https://adamlink.nl/geo/district/buurt-hh/114
http://lod.cedar-project.nl:8888/cedar/resource/VT_1869_01_H1-S3-R78-h,12,Buurt H.H,https://adamlink.nl/geo/district/buurt-hh/114
http://lod.cedar-project.nl:8888/cedar/resource/VT_1869_01_H1-S3-F54-h,513,Buurt I,https://adamlink.nl/geo/district/buurt-j/133
http://lod.cedar-project.nl:8888/cedar/resource/VT_1869_01_H1-S3-G54-h,16,Buurt I,https://adamlink.nl/geo/district/buurt-j/133
http://lod.cedar-project.nl:8888/cedar/resource/VT_1869_01_H1-S3-J54-h,1024,Buurt I,https://adamlink.nl/geo/district/buurt-j/133
http://lod.cedar-project.nl:8888/cedar/resource/VT_1869_01_H1-S3-K54-h,2289,Buurt I,https://adamlink.nl/geo/district/buurt-j/133
http://lod.cedar-project.nl:8888/cedar/resource/VT_1869_01_H1-S3-L54-h,2475,Buurt I,https://adamlink.nl/geo/district/buurt-j/133
http://lod.cedar-project.nl:8888/cedar/resource/VT_1869_01_H1-S3-M54-h,2239,Buurt I,https://adamlink.nl/geo/district/buurt-j/133
http://lod.cedar-project.nl:8888/cedar/resource/VT_1869_01_H1-S3-N54-h,2464,Buurt I,https://adamlink.nl/geo/district/buurt-j/133
http://lod.cedar-project.nl:8888/cedar/resource/VT_1869_01_H1-S3-O54-h,50,Buurt I,https://adamlink.nl/geo/district/buurt-j/133
http://lod.cedar-project.nl:8888/cedar/resource/VT_1869_01_H1-S3-P54-h,11,Buurt I,https://adamlink.nl/geo/district/buurt-j/133
http://lod.cedar-project.nl:8888/cedar/resource/VT_1869_01_H1-S3-Q54-h,68,Buurt I,https://adamlink.nl/geo/district/buurt-j/133
http://lod.cedar-project.nl:8888/cedar/resource/VT_1869_01_H1-S3-R54-h,24,Buurt I,https://adamlink.nl/geo/district/buurt-j/133
http://lod.cedar-project.nl:8888/cedar/resource/VT_1869_01_H1-S3-F79-h,447,Buurt I.I,https://adamlink.nl/geo/district/buurt-jj/122
http://lod.cedar-project.nl:8888/cedar/resource/VT_1869_01_H1-S3-G79-h,6,Buurt I.I,https://adamlink.nl/geo/district/buurt-jj/122
http://lod.cedar-project.nl:8888/cedar/resource/VT_1869_01_H1-S3-J79-h,843,Buurt I.I,https://adamlink.nl/geo/district/buurt-jj/122
http://lod.cedar-project.nl:8888/cedar/resource/VT_1869_01_H1-S3-K79-h,1755,Buurt I.I,https://adamlink.nl/geo/district/buurt-jj/122
http://lod.cedar-project.nl:8888/cedar/resource/VT_1869_01_H1-S3-L79-h,2287,Buurt I.I,https://adamlink.nl/geo/district/buurt-jj/122
http://lod.cedar-project.nl:8888/cedar/resource/VT_1869_01_H1-S3-M79-h,1747,Buurt I.I,https://adamlink.nl/geo/district/buurt-jj/122
http://lod.cedar-project.nl:8888/cedar/resource/VT_1869_01_H1-S3-N79-h,2266,Buurt I.I,https://adamlink.nl/geo/district/buurt-jj/122
http://lod.cedar-project.nl:8888/cedar/resource/VT_1869_01_H1-S3-O79-h,8,Buurt I.I,https://adamlink.nl/geo/district/buurt-jj/122
http://lod.cedar-project.nl:8888/cedar/resource/VT_1869_01_H1-S3-P79-h,21,Buurt I.I,https://adamlink.nl/geo/district/buurt-jj/122
http://lod.cedar-project.nl:8888/cedar/resource/VT_1869_01_H1-S3-Q79-h,27,Buurt I.I,https://adamlink.nl/geo/district/buurt-jj/122
http://lod.cedar-project.nl:8888/cedar/resource/VT_1869_01_H1-S3-R79-h,20,Buurt I.I,https://adamlink.nl/geo/district/buurt-jj/122
http://lod.cedar-project.nl:8888/cedar/resource/VT_1869_01_H1-S3-F69-h,490,Buurt IJ,https://adamlink.nl/geo/district/buurt-y/137
http://lod.cedar-project.nl:8888/cedar/resource/VT_1869_01_H1-S3-G69-h,4,Buurt IJ,https://adamlink.nl/geo/district/buurt-y/137
http://lod.cedar-project.nl:8888/cedar/resource/VT_1869_01_H1-S3-J69-h,818,Buurt IJ,https://adamlink.nl/geo/district/buurt-y/137
http://lod.cedar-project.nl:8888/cedar/resource/VT_1869_01_H1-S3-K69-h,1729,Buurt IJ,https://adamlink.nl/geo/district/buurt-y/137
http://lod.cedar-project.nl:8888/cedar/resource/VT_1869_01_H1-S3-L69-h,2316,Buurt IJ,https://adamlink.nl/geo/district/buurt-y/137
http://lod.cedar-project.nl:8888/cedar/resource/VT_1869_01_H1-S3-M69-h,1714,Buurt IJ,https://adamlink.nl/geo/district/buurt-y/137
http://lod.cedar-project.nl:8888/cedar/resource/VT_1869_01_H1-S3-N69-h,2297,Buurt IJ,https://adamlink.nl/geo/district/buurt-y/137
http://lod.cedar-project.nl:8888/cedar/resource/VT_1869_01_H1-S3-O69-h,15,Buurt IJ,https://adamlink.nl/geo/district/buurt-y/137
http://lod.cedar-project.nl:8888/cedar/resource/VT_1869_01_H1-S3-P69-h,19,Buurt IJ,https://adamlink.nl/geo/district/buurt-y/137
http://lod.cedar-project.nl:8888/cedar/resource/VT_1869_01_H1-S3-Q69-h,54,Buurt IJ,https://adamlink.nl/geo/district/buurt-y/137
http://lod.cedar-project.nl:8888/cedar/resource/VT_1869_01_H1-S3-R69-h,37,Buurt IJ,https://adamlink.nl/geo/district/buurt-y/137
http://lod.cedar-project.nl:8888/cedar/resource/VT_1869_01_H1-S3-F94-h,310,Buurt IJ.IJ,https://adamlink.nl/geo/district/buurt-yy/124
http://lod.cedar-project.nl:8888/cedar/resource/VT_1869_01_H1-S3-G94-h,14,Buurt IJ.IJ,https://adamlink.nl/geo/district/buurt-yy/124
http://lod.cedar-project.nl:8888/cedar/resource/VT_1869_01_H1-S3-H94-h,3,Buurt IJ.IJ,https://adamlink.nl/geo/district/buurt-yy/124
http://lod.cedar-project.nl:8888/cedar/resource/VT_1869_01_H1-S3-J94-h,336,Buurt IJ.IJ,https://adamlink.nl/geo/district/buurt-yy/124
http://lod.cedar-project.nl:8888/cedar/resource/VT_1869_01_H1-S3-K94-h,670,Buurt IJ.IJ,https://adamlink.nl/geo/district/buurt-yy/124
http://lod.cedar-project.nl:8888/cedar/resource/VT_1869_01_H1-S3-L94-h,731,Buurt IJ.IJ,https://adamlink.nl/geo/district/buurt-yy/124
http://lod.cedar-project.nl:8888/cedar/resource/VT_1869_01_H1-S3-M94-h,668,Buurt IJ.IJ,https://adamlink.nl/geo/district/buurt-yy/124
http://lod.cedar-project.nl:8888/cedar/resource/VT_1869_01_H1-S3-N94-h,729,Buurt IJ.IJ,https://adamlink.nl/geo/district/buurt-yy/124
http://lod.cedar-project.nl:8888/cedar/resource/VT_1869_01_H1-S3-O94-h,2,Buurt IJ.IJ,https://adamlink.nl/geo/district/buurt-yy/124
http://lod.cedar-project.nl:8888/cedar/resource/VT_1869_01_H1-S3-P94-h,2,Buurt IJ.IJ,https://adamlink.nl/geo/district/buurt-yy/124
http://lod.cedar-project.nl:8888/cedar/resource/VT_1869_01_H1-S3-Q94-h,19,Buurt IJ.IJ,https://adamlink.nl/geo/district/buurt-yy/124
http://lod.cedar-project.nl:8888/cedar/resource/VT_1869_01_H1-S3-R94-h,7,Buurt IJ.IJ,https://adamlink.nl/geo/district/buurt-yy/124
http://lod.cedar-project.nl:8888/cedar/resource/VT_1869_01_H1-S3-F55-h,570,Buurt K,https://adamlink.nl/geo/district/buurt-k/135
http://lod.cedar-project.nl:8888/cedar/resource/VT_1869_01_H1-S3-G55-h,13,Buurt K,https://adamlink.nl/geo/district/buurt-k/135
http://lod.cedar-project.nl:8888/cedar/resource/VT_1869_01_H1-S3-J55-h,1122,Buurt K,https://adamlink.nl/geo/district/buurt-k/135
http://lod.cedar-project.nl:8888/cedar/resource/VT_1869_01_H1-S3-K55-h,2397,Buurt K,https://adamlink.nl/geo/district/buurt-k/135
http://lod.cedar-project.nl:8888/cedar/resource/VT_1869_01_H1-S3-L55-h,2815,Buurt K,https://adamlink.nl/geo/district/buurt-k/135
http://lod.cedar-project.nl:8888/cedar/resource/VT_1869_01_H1-S3-M55-h,2361,Buurt K,https://adamlink.nl/geo/district/buurt-k/135
http://lod.cedar-project.nl:8888/cedar/resource/VT_1869_01_H1-S3-N55-h,2796,Buurt K,https://adamlink.nl/geo/district/buurt-k/135
http://lod.cedar-project.nl:8888/cedar/resource/VT_1869_01_H1-S3-O55-h,36,Buurt K,https://adamlink.nl/geo/district/buurt-k/135
http://lod.cedar-project.nl:8888/cedar/resource/VT_1869_01_H1-S3-P55-h,19,Buurt K,https://adamlink.nl/geo/district/buurt-k/135
http://lod.cedar-project.nl:8888/cedar/resource/VT_1869_01_H1-S3-Q55-h,66,Buurt K,https://adamlink.nl/geo/district/buurt-k/135
http://lod.cedar-project.nl:8888/cedar/resource/VT_1869_01_H1-S3-R55-h,10,Buurt K,https://adamlink.nl/geo/district/buurt-k/135
http://lod.cedar-project.nl:8888/cedar/resource/VT_1869_01_H1-S3-F80-h,579,Buurt K.K,https://adamlink.nl/geo/district/buurt-kk/115
http://lod.cedar-project.nl:8888/cedar/resource/VT_1869_01_H1-S3-G80-h,12,Buurt K.K,https://adamlink.nl/geo/district/buurt-kk/115
http://lod.cedar-project.nl:8888/cedar/resource/VT_1869_01_H1-S3-J80-h,898,Buurt K.K,https://adamlink.nl/geo/district/buurt-kk/115
http://lod.cedar-project.nl:8888/cedar/resource/VT_1869_01_H1-S3-K80-h,1871,Buurt K.K,https://adamlink.nl/geo/district/buurt-kk/115
http://lod.cedar-project.nl:8888/cedar/resource/VT_1869_01_H1-S3-L80-h,2784,Buurt K.K,https://adamlink.nl/geo/district/buurt-kk/115
http://lod.cedar-project.nl:8888/cedar/resource/VT_1869_01_H1-S3-M80-h,1861,Buurt K.K,https://adamlink.nl/geo/district/buurt-kk/115
http://lod.cedar-project.nl:8888/cedar/resource/VT_1869_01_H1-S3-N80-h,2755,Buurt K.K,https://adamlink.nl/geo/district/buurt-kk/115
http://lod.cedar-project.nl:8888/cedar/resource/VT_1869_01_H1-S3-O80-h,10,Buurt K.K,https://adamlink.nl/geo/district/buurt-kk/115
http://lod.cedar-project.nl:8888/cedar/resource/VT_1869_01_H1-S3-P80-h,29,Buurt K.K,https://adamlink.nl/geo/district/buurt-kk/115
http://lod.cedar-project.nl:8888/cedar/resource/VT_1869_01_H1-S3-Q80-h,29,Buurt K.K,https://adamlink.nl/geo/district/buurt-kk/115
http://lod.cedar-project.nl:8888/cedar/resource/VT_1869_01_H1-S3-R80-h,22,Buurt K.K,https://adamlink.nl/geo/district/buurt-kk/115
http://lod.cedar-project.nl:8888/cedar/resource/VT_1869_01_H1-S3-F56-h,690,Buurt L,https://adamlink.nl/geo/district/buurt-l/119
http://lod.cedar-project.nl:8888/cedar/resource/VT_1869_01_H1-S3-J56-h,1390,Buurt L,https://adamlink.nl/geo/district/buurt-l/119
http://lod.cedar-project.nl:8888/cedar/resource/VT_1869_01_H1-S3-K56-h,2948,Buurt L,https://adamlink.nl/geo/district/buurt-l/119
http://lod.cedar-project.nl:8888/cedar/resource/VT_1869_01_H1-S3-L56-h,3393,Buurt L,https://adamlink.nl/geo/district/buurt-l/119
http://lod.cedar-project.nl:8888/cedar/resource/VT_1869_01_H1-S3-M56-h,2913,Buurt L,https://adamlink.nl/geo/district/buurt-l/119
http://lod.cedar-project.nl:8888/cedar/resource/VT_1869_01_H1-S3-N56-h,3379,Buurt L,https://adamlink.nl/geo/district/buurt-l/119
http://lod.cedar-project.nl:8888/cedar/resource/VT_1869_01_H1-S3-O56-h,35,Buurt L,https://adamlink.nl/geo/district/buurt-l/119
http://lod.cedar-project.nl:8888/cedar/resource/VT_1869_01_H1-S3-P56-h,14,Buurt L,https://adamlink.nl/geo/district/buurt-l/119
http://lod.cedar-project.nl:8888/cedar/resource/VT_1869_01_H1-S3-Q56-h,100,Buurt L,https://adamlink.nl/geo/district/buurt-l/119
http://lod.cedar-project.nl:8888/cedar/resource/VT_1869_01_H1-S3-R56-h,33,Buurt L,https://adamlink.nl/geo/district/buurt-l/119
http://lod.cedar-project.nl:8888/cedar/resource/VT_1869_01_H1-S3-F81-h,364,Buurt L.L,https://adamlink.nl/geo/district/buurt-ll/116
http://lod.cedar-project.nl:8888/cedar/resource/VT_1869_01_H1-S3-G81-h,3,Buurt L.L,https://adamlink.nl/geo/district/buurt-ll/116
http://lod.cedar-project.nl:8888/cedar/resource/VT_1869_01_H1-S3-J81-h,507,Buurt L.L,https://adamlink.nl/geo/district/buurt-ll/116
http://lod.cedar-project.nl:8888/cedar/resource/VT_1869_01_H1-S3-K81-h,1040,Buurt L.L,https://adamlink.nl/geo/district/buurt-ll/116
http://lod.cedar-project.nl:8888/cedar/resource/VT_1869_01_H1-S3-L81-h,1804,Buurt L.L,https://adamlink.nl/geo/district/buurt-ll/116
http://lod.cedar-project.nl:8888/cedar/resource/VT_1869_01_H1-S3-M81-h,1019,Buurt L.L,https://adamlink.nl/geo/district/buurt-ll/116
http://lod.cedar-project.nl:8888/cedar/resource/VT_1869_01_H1-S3-N81-h,1770,Buurt L.L,https://adamlink.nl/geo/district/buurt-ll/116
http://lod.cedar-project.nl:8888/cedar/resource/VT_1869_01_H1-S3-O81-h,21,Buurt L.L,https://adamlink.nl/geo/district/buurt-ll/116
http://lod.cedar-project.nl:8888/cedar/resource/VT_1869_01_H1-S3-P81-h,34,Buurt L.L,https://adamlink.nl/geo/district/buurt-ll/116
http://lod.cedar-project.nl:8888/cedar/resource/VT_1869_01_H1-S3-Q81-h,38,Buurt L.L,https://adamlink.nl/geo/district/buurt-ll/116
http://lod.cedar-project.nl:8888/cedar/resource/VT_1869_01_H1-S3-R81-h,21,Buurt L.L,https://adamlink.nl/geo/district/buurt-ll/116
http://lod.cedar-project.nl:8888/cedar/resource/VT_1869_01_H1-S3-G57-h,4,Buurt M,https://adamlink.nl/geo/district/buurt-m/132
http://lod.cedar-project.nl:8888/cedar/resource/VT_1869_01_H1-S3-J57-h,1057,Buurt M,https://adamlink.nl/geo/district/buurt-m/132
http://lod.cedar-project.nl:8888/cedar/resource/VT_1869_01_H1-S3-K57-h,2092,Buurt M,https://adamlink.nl/geo/district/buurt-m/132
http://lod.cedar-project.nl:8888/cedar/resource/VT_1869_01_H1-S3-L57-h,2610,Buurt M,https://adamlink.nl/geo/district/buurt-m/132
http://lod.cedar-project.nl:8888/cedar/resource/VT_1869_01_H1-S3-M57-h,2072,Buurt M,https://adamlink.nl/geo/district/buurt-m/132
http://lod.cedar-project.nl:8888/cedar/resource/VT_1869_01_H1-S3-N57-h,2592,Buurt M,https://adamlink.nl/geo/district/buurt-m/132
http://lod.cedar-project.nl:8888/cedar/resource/VT_1869_01_H1-S3-O57-h,20,Buurt M,https://adamlink.nl/geo/district/buurt-m/132
http://lod.cedar-project.nl:8888/cedar/resource/VT_1869_01_H1-S3-P57-h,18,Buurt M,https://adamlink.nl/geo/district/buurt-m/132
http://lod.cedar-project.nl:8888/cedar/resource/VT_1869_01_H1-S3-Q57-h,101,Buurt M,https://adamlink.nl/geo/district/buurt-m/132
http://lod.cedar-project.nl:8888/cedar/resource/VT_1869_01_H1-S3-R57-h,17,Buurt M,https://adamlink.nl/geo/district/buurt-m/132
http://lod.cedar-project.nl:8888/cedar/resource/VT_1869_01_H1-S3-F57-h,409,Buurt M,https://adamlink.nl/geo/district/buurt-m/132
http://lod.cedar-project.nl:8888/cedar/resource/VT_1869_01_H1-S3-F82-h,479,Buurt M.M,https://adamlink.nl/geo/district/buurt-mm/109
http://lod.cedar-project.nl:8888/cedar/resource/VT_1869_01_H1-S3-G82-h,2,Buurt M.M,https://adamlink.nl/geo/district/buurt-mm/109
http://lod.cedar-project.nl:8888/cedar/resource/VT_1869_01_H1-S3-H82-h,2,Buurt M.M,https://adamlink.nl/geo/district/buurt-mm/109
http://lod.cedar-project.nl:8888/cedar/resource/VT_1869_01_H1-S3-J82-h,1209,Buurt M.M,https://adamlink.nl/geo/district/buurt-mm/109
http://lod.cedar-project.nl:8888/cedar/resource/VT_1869_01_H1-S3-K82-h,2309,Buurt M.M,https://adamlink.nl/geo/district/buurt-mm/109
http://lod.cedar-project.nl:8888/cedar/resource/VT_1869_01_H1-S3-L82-h,2937,Buurt M.M,https://adamlink.nl/geo/district/buurt-mm/109
http://lod.cedar-project.nl:8888/cedar/resource/VT_1869_01_H1-S3-M82-h,2305,Buurt M.M,https://adamlink.nl/geo/district/buurt-mm/109
http://lod.cedar-project.nl:8888/cedar/resource/VT_1869_01_H1-S3-N82-h,2928,Buurt M.M,https://adamlink.nl/geo/district/buurt-mm/109
http://lod.cedar-project.nl:8888/cedar/resource/VT_1869_01_H1-S3-O82-h,4,Buurt M.M,https://adamlink.nl/geo/district/buurt-mm/109
http://lod.cedar-project.nl:8888/cedar/resource/VT_1869_01_H1-S3-P82-h,9,Buurt M.M,https://adamlink.nl/geo/district/buurt-mm/109
http://lod.cedar-project.nl:8888/cedar/resource/VT_1869_01_H1-S3-Q82-h,58,Buurt M.M,https://adamlink.nl/geo/district/buurt-mm/109
http://lod.cedar-project.nl:8888/cedar/resource/VT_1869_01_H1-S3-R82-h,29,Buurt M.M,https://adamlink.nl/geo/district/buurt-mm/109
http://lod.cedar-project.nl:8888/cedar/resource/VT_1869_01_H1-S3-F58-h,412,Buurt N,https://adamlink.nl/geo/district/buurt-n/139
http://lod.cedar-project.nl:8888/cedar/resource/VT_1869_01_H1-S3-G58-h,4,Buurt N,https://adamlink.nl/geo/district/buurt-n/139
http://lod.cedar-project.nl:8888/cedar/resource/VT_1869_01_H1-S3-J58-h,1089,Buurt N,https://adamlink.nl/geo/district/buurt-n/139
http://lod.cedar-project.nl:8888/cedar/resource/VT_1869_01_H1-S3-K58-h,2288,Buurt N,https://adamlink.nl/geo/district/buurt-n/139
http://lod.cedar-project.nl:8888/cedar/resource/VT_1869_01_H1-S3-L58-h,2701,Buurt N,https://adamlink.nl/geo/district/buurt-n/139
http://lod.cedar-project.nl:8888/cedar/resource/VT_1869_01_H1-S3-M58-h,2277,Buurt N,https://adamlink.nl/geo/district/buurt-n/139
http://lod.cedar-project.nl:8888/cedar/resource/VT_1869_01_H1-S3-N58-h,2686,Buurt N,https://adamlink.nl/geo/district/buurt-n/139
http://lod.cedar-project.nl:8888/cedar/resource/VT_1869_01_H1-S3-O58-h,11,Buurt N,https://adamlink.nl/geo/district/buurt-n/139
http://lod.cedar-project.nl:8888/cedar/resource/VT_1869_01_H1-S3-P58-h,15,Buurt N,https://adamlink.nl/geo/district/buurt-n/139
http://lod.cedar-project.nl:8888/cedar/resource/VT_1869_01_H1-S3-Q58-h,103,Buurt N,https://adamlink.nl/geo/district/buurt-n/139
http://lod.cedar-project.nl:8888/cedar/resource/VT_1869_01_H1-S3-R58-h,18,Buurt N,https://adamlink.nl/geo/district/buurt-n/139
http://lod.cedar-project.nl:8888/cedar/resource/VT_1869_01_H1-S3-F83-h,507,Buurt N.N,https://adamlink.nl/geo/district/buurt-nn/108
http://lod.cedar-project.nl:8888/cedar/resource/VT_1869_01_H1-S3-G83-h,5,Buurt N.N,https://adamlink.nl/geo/district/buurt-nn/108
http://lod.cedar-project.nl:8888/cedar/resource/VT_1869_01_H1-S3-H83-h,3,Buurt N.N,https://adamlink.nl/geo/district/buurt-nn/108
http://lod.cedar-project.nl:8888/cedar/resource/VT_1869_01_H1-S3-J83-h,1469,Buurt N.N,https://adamlink.nl/geo/district/buurt-nn/108
http://lod.cedar-project.nl:8888/cedar/resource/VT_1869_01_H1-S3-K83-h,2958,Buurt N.N,https://adamlink.nl/geo/district/buurt-nn/108
http://lod.cedar-project.nl:8888/cedar/resource/VT_1869_01_H1-S3-L83-h,3276,Buurt N.N,https://adamlink.nl/geo/district/buurt-nn/108
http://lod.cedar-project.nl:8888/cedar/resource/VT_1869_01_H1-S3-M83-h,2956,Buurt N.N,https://adamlink.nl/geo/district/buurt-nn/108
http://lod.cedar-project.nl:8888/cedar/resource/VT_1869_01_H1-S3-N83-h,3271,Buurt N.N,https://adamlink.nl/geo/district/buurt-nn/108
http://lod.cedar-project.nl:8888/cedar/resource/VT_1869_01_H1-S3-O83-h,2,Buurt N.N,https://adamlink.nl/geo/district/buurt-nn/108
http://lod.cedar-project.nl:8888/cedar/resource/VT_1869_01_H1-S3-P83-h,5,Buurt N.N,https://adamlink.nl/geo/district/buurt-nn/108
http://lod.cedar-project.nl:8888/cedar/resource/VT_1869_01_H1-S3-Q83-h,34,Buurt N.N,https://adamlink.nl/geo/district/buurt-nn/108
http://lod.cedar-project.nl:8888/cedar/resource/VT_1869_01_H1-S3-R83-h,8,Buurt N.N,https://adamlink.nl/geo/district/buurt-nn/108
http://lod.cedar-project.nl:8888/cedar/resource/VT_1869_01_H1-S3-F59-h,390,Buurt O,https://adamlink.nl/geo/district/buurt-o/140
http://lod.cedar-project.nl:8888/cedar/resource/VT_1869_01_H1-S3-G59-h,1,Buurt O,https://adamlink.nl/geo/district/buurt-o/140
http://lod.cedar-project.nl:8888/cedar/resource/VT_1869_01_H1-S3-H59-h,2,Buurt O,https://adamlink.nl/geo/district/buurt-o/140
http://lod.cedar-project.nl:8888/cedar/resource/VT_1869_01_H1-S3-J59-h,1307,Buurt O,https://adamlink.nl/geo/district/buurt-o/140
http://lod.cedar-project.nl:8888/cedar/resource/VT_1869_01_H1-S3-K59-h,2528,Buurt O,https://adamlink.nl/geo/district/buurt-o/140
http://lod.cedar-project.nl:8888/cedar/resource/VT_1869_01_H1-S3-L59-h,2860,Buurt O,https://adamlink.nl/geo/district/buurt-o/140
http://lod.cedar-project.nl:8888/cedar/resource/VT_1869_01_H1-S3-M59-h,2523,Buurt O,https://adamlink.nl/geo/district/buurt-o/140
http://lod.cedar-project.nl:8888/cedar/resource/VT_1869_01_H1-S3-N59-h,2852,Buurt O,https://adamlink.nl/geo/district/buurt-o/140
http://lod.cedar-project.nl:8888/cedar/resource/VT_1869_01_H1-S3-O59-h,5,Buurt O,https://adamlink.nl/geo/district/buurt-o/140
http://lod.cedar-project.nl:8888/cedar/resource/VT_1869_01_H1-S3-P59-h,8,Buurt O,https://adamlink.nl/geo/district/buurt-o/140
http://lod.cedar-project.nl:8888/cedar/resource/VT_1869_01_H1-S3-Q59-h,99,Buurt O,https://adamlink.nl/geo/district/buurt-o/140
http://lod.cedar-project.nl:8888/cedar/resource/VT_1869_01_H1-S3-R59-h,16,Buurt O,https://adamlink.nl/geo/district/buurt-o/140
http://lod.cedar-project.nl:8888/cedar/resource/VT_1869_01_H1-S3-F84-h,671,Buurt O.O,https://adamlink.nl/geo/district/buurt-oo/107
http://lod.cedar-project.nl:8888/cedar/resource/VT_1869_01_H1-S3-G84-h,2,Buurt O.O,https://adamlink.nl/geo/district/buurt-oo/107
http://lod.cedar-project.nl:8888/cedar/resource/VT_1869_01_H1-S3-H84-h,2,Buurt O.O,https://adamlink.nl/geo/district/buurt-oo/107
http://lod.cedar-project.nl:8888/cedar/resource/VT_1869_01_H1-S3-J84-h,1805,Buurt O.O,https://adamlink.nl/geo/district/buurt-oo/107
http://lod.cedar-project.nl:8888/cedar/resource/VT_1869_01_H1-S3-K84-h,3481,Buurt O.O,https://adamlink.nl/geo/district/buurt-oo/107
http://lod.cedar-project.nl:8888/cedar/resource/VT_1869_01_H1-S3-L84-h,3999,Buurt O.O,https://adamlink.nl/geo/district/buurt-oo/107
http://lod.cedar-project.nl:8888/cedar/resource/VT_1869_01_H1-S3-M84-h,3473,Buurt O.O,https://adamlink.nl/geo/district/buurt-oo/107
http://lod.cedar-project.nl:8888/cedar/resource/VT_1869_01_H1-S3-N84-h,3991,Buurt O.O,https://adamlink.nl/geo/district/buurt-oo/107
http://lod.cedar-project.nl:8888/cedar/resource/VT_1869_01_H1-S3-O84-h,8,Buurt O.O,https://adamlink.nl/geo/district/buurt-oo/107
http://lod.cedar-project.nl:8888/cedar/resource/VT_1869_01_H1-S3-P84-h,8,Buurt O.O,https://adamlink.nl/geo/district/buurt-oo/107
http://lod.cedar-project.nl:8888/cedar/resource/VT_1869_01_H1-S3-Q84-h,99,Buurt O.O,https://adamlink.nl/geo/district/buurt-oo/107
http://lod.cedar-project.nl:8888/cedar/resource/VT_1869_01_H1-S3-R84-h,22,Buurt O.O,https://adamlink.nl/geo/district/buurt-oo/107
http://lod.cedar-project.nl:8888/cedar/resource/VT_1869_01_H1-S3-F60-h,344,Buurt P,https://adamlink.nl/geo/district/buurt-p/142
http://lod.cedar-project.nl:8888/cedar/resource/VT_1869_01_H1-S3-G60-h,3,Buurt P,https://adamlink.nl/geo/district/buurt-p/142
http://lod.cedar-project.nl:8888/cedar/resource/VT_1869_01_H1-S3-J60-h,978,Buurt P,https://adamlink.nl/geo/district/buurt-p/142
http://lod.cedar-project.nl:8888/cedar/resource/VT_1869_01_H1-S3-K60-h,2637,Buurt P,https://adamlink.nl/geo/district/buurt-p/142
http://lod.cedar-project.nl:8888/cedar/resource/VT_1869_01_H1-S3-L60-h,3073,Buurt P,https://adamlink.nl/geo/district/buurt-p/142
http://lod.cedar-project.nl:8888/cedar/resource/VT_1869_01_H1-S3-M60-h,2636,Buurt P,https://adamlink.nl/geo/district/buurt-p/142
http://lod.cedar-project.nl:8888/cedar/resource/VT_1869_01_H1-S3-N60-h,3073,Buurt P,https://adamlink.nl/geo/district/buurt-p/142
http://lod.cedar-project.nl:8888/cedar/resource/VT_1869_01_H1-S3-O60-h,1,Buurt P,https://adamlink.nl/geo/district/buurt-p/142
http://lod.cedar-project.nl:8888/cedar/resource/VT_1869_01_H1-S3-Q60-h,24,Buurt P,https://adamlink.nl/geo/district/buurt-p/142
http://lod.cedar-project.nl:8888/cedar/resource/VT_1869_01_H1-S3-R60-h,8,Buurt P,https://adamlink.nl/geo/district/buurt-p/142
http://lod.cedar-project.nl:8888/cedar/resource/VT_1869_01_H1-S3-F85-h,645,Buurt P.P,https://adamlink.nl/geo/district/buurt-pp/106
http://lod.cedar-project.nl:8888/cedar/resource/VT_1869_01_H1-S3-G85-h,2,Buurt P.P,https://adamlink.nl/geo/district/buurt-pp/106
http://lod.cedar-project.nl:8888/cedar/resource/VT_1869_01_H1-S3-H85-h,4,Buurt P.P,https://adamlink.nl/geo/district/buurt-pp/106
http://lod.cedar-project.nl:8888/cedar/resource/VT_1869_01_H1-S3-J85-h,2022,Buurt P.P,https://adamlink.nl/geo/district/buurt-pp/106
http://lod.cedar-project.nl:8888/cedar/resource/VT_1869_01_H1-S3-K85-h,4111,Buurt P.P,https://adamlink.nl/geo/district/buurt-pp/106
http://lod.cedar-project.nl:8888/cedar/resource/VT_1869_01_H1-S3-L85-h,4595,Buurt P.P,https://adamlink.nl/geo/district/buurt-pp/106
http://lod.cedar-project.nl:8888/cedar/resource/VT_1869_01_H1-S3-M85-h,4104,Buurt P.P,https://adamlink.nl/geo/district/buurt-pp/106
http://lod.cedar-project.nl:8888/cedar/resource/VT_1869_01_H1-S3-N85-h,4588,Buurt P.P,https://adamlink.nl/geo/district/buurt-pp/106
http://lod.cedar-project.nl:8888/cedar/resource/VT_1869_01_H1-S3-O85-h,7,Buurt P.P,https://adamlink.nl/geo/district/buurt-pp/106
http://lod.cedar-project.nl:8888/cedar/resource/VT_1869_01_H1-S3-P85-h,7,Buurt P.P,https://adamlink.nl/geo/district/buurt-pp/106
http://lod.cedar-project.nl:8888/cedar/resource/VT_1869_01_H1-S3-Q85-h,87,Buurt P.P,https://adamlink.nl/geo/district/buurt-pp/106
http://lod.cedar-project.nl:8888/cedar/resource/VT_1869_01_H1-S3-R85-h,26,Buurt P.P,https://adamlink.nl/geo/district/buurt-pp/106
http://lod.cedar-project.nl:8888/cedar/resource/VT_1869_01_H1-S3-F61-h,237,Buurt Q,https://adamlink.nl/geo/district/buurt-q/144
http://lod.cedar-project.nl:8888/cedar/resource/VT_1869_01_H1-S3-G61-h,2,Buurt Q,https://adamlink.nl/geo/district/buurt-q/144
http://lod.cedar-project.nl:8888/cedar/resource/VT_1869_01_H1-S3-J61-h,831,Buurt Q,https://adamlink.nl/geo/district/buurt-q/144
http://lod.cedar-project.nl:8888/cedar/resource/VT_1869_01_H1-S3-K61-h,2039,Buurt Q,https://adamlink.nl/geo/district/buurt-q/144
http://lod.cedar-project.nl:8888/cedar/resource/VT_1869_01_H1-S3-L61-h,2195,Buurt Q,https://adamlink.nl/geo/district/buurt-q/144
http://lod.cedar-project.nl:8888/cedar/resource/VT_1869_01_H1-S3-M61-h,2039,Buurt Q,https://adamlink.nl/geo/district/buurt-q/144
http://lod.cedar-project.nl:8888/cedar/resource/VT_1869_01_H1-S3-N61-h,2193,Buurt Q,https://adamlink.nl/geo/district/buurt-q/144
http://lod.cedar-project.nl:8888/cedar/resource/VT_1869_01_H1-S3-P61-h,2,Buurt Q,https://adamlink.nl/geo/district/buurt-q/144
http://lod.cedar-project.nl:8888/cedar/resource/VT_1869_01_H1-S3-Q61-h,7,Buurt Q,https://adamlink.nl/geo/district/buurt-q/144
http://lod.cedar-project.nl:8888/cedar/resource/VT_1869_01_H1-S3-R61-h,3,Buurt Q,https://adamlink.nl/geo/district/buurt-q/144
http://lod.cedar-project.nl:8888/cedar/resource/VT_1869_01_H1-S3-F86-h,843,Buurt Q.Q,https://adamlink.nl/geo/district/buurt-qq/101
http://lod.cedar-project.nl:8888/cedar/resource/VT_1869_01_H1-S3-G86-h,3,Buurt Q.Q,https://adamlink.nl/geo/district/buurt-qq/101
http://lod.cedar-project.nl:8888/cedar/resource/VT_1869_01_H1-S3-J86-h,2363,Buurt Q.Q,https://adamlink.nl/geo/district/buurt-qq/101
http://lod.cedar-project.nl:8888/cedar/resource/VT_1869_01_H1-S3-K86-h,4872,Buurt Q.Q,https://adamlink.nl/geo/district/buurt-qq/101
http://lod.cedar-project.nl:8888/cedar/resource/VT_1869_01_H1-S3-L86-h,5330,Buurt Q.Q,https://adamlink.nl/geo/district/buurt-qq/101
http://lod.cedar-project.nl:8888/cedar/resource/VT_1869_01_H1-S3-M86-h,4870,Buurt Q.Q,https://adamlink.nl/geo/district/buurt-qq/101
http://lod.cedar-project.nl:8888/cedar/resource/VT_1869_01_H1-S3-N86-h,5328,Buurt Q.Q,https://adamlink.nl/geo/district/buurt-qq/101
http://lod.cedar-project.nl:8888/cedar/resource/VT_1869_01_H1-S3-O86-h,2,Buurt Q.Q,https://adamlink.nl/geo/district/buurt-qq/101
http://lod.cedar-project.nl:8888/cedar/resource/VT_1869_01_H1-S3-P86-h,2,Buurt Q.Q,https://adamlink.nl/geo/district/buurt-qq/101
http://lod.cedar-project.nl:8888/cedar/resource/VT_1869_01_H1-S3-Q86-h,106,Buurt Q.Q,https://adamlink.nl/geo/district/buurt-qq/101
http://lod.cedar-project.nl:8888/cedar/resource/VT_1869_01_H1-S3-R86-h,13,Buurt Q.Q,https://adamlink.nl/geo/district/buurt-qq/101
http://lod.cedar-project.nl:8888/cedar/resource/VT_1869_01_H1-S3-F62-h,350,Buurt R,https://adamlink.nl/geo/district/buurt-r/146
http://lod.cedar-project.nl:8888/cedar/resource/VT_1869_01_H1-S3-G62-h,1,Buurt R,https://adamlink.nl/geo/district/buurt-r/146
http://lod.cedar-project.nl:8888/cedar/resource/VT_1869_01_H1-S3-J62-h,1004,Buurt R,https://adamlink.nl/geo/district/buurt-r/146
http://lod.cedar-project.nl:8888/cedar/resource/VT_1869_01_H1-S3-K62-h,2171,Buurt R,https://adamlink.nl/geo/district/buurt-r/146
http://lod.cedar-project.nl:8888/cedar/resource/VT_1869_01_H1-S3-L62-h,2338,Buurt R,https://adamlink.nl/geo/district/buurt-r/146
http://lod.cedar-project.nl:8888/cedar/resource/VT_1869_01_H1-S3-M62-h,2171,Buurt R,https://adamlink.nl/geo/district/buurt-r/146
http://lod.cedar-project.nl:8888/cedar/resource/VT_1869_01_H1-S3-N62-h,2337,Buurt R,https://adamlink.nl/geo/district/buurt-r/146
http://lod.cedar-project.nl:8888/cedar/resource/VT_1869_01_H1-S3-P62-h,1,Buurt R,https://adamlink.nl/geo/district/buurt-r/146
http://lod.cedar-project.nl:8888/cedar/resource/VT_1869_01_H1-S3-Q62-h,37,Buurt R,https://adamlink.nl/geo/district/buurt-r/146
http://lod.cedar-project.nl:8888/cedar/resource/VT_1869_01_H1-S3-R62-h,9,Buurt R,https://adamlink.nl/geo/district/buurt-r/146
http://lod.cedar-project.nl:8888/cedar/resource/VT_1869_01_H1-S3-F87-h,289,Buurt R.R,https://adamlink.nl/geo/district/buurt-rr/117
http://lod.cedar-project.nl:8888/cedar/resource/VT_1869_01_H1-S3-G87-h,5,Buurt R.R,https://adamlink.nl/geo/district/buurt-rr/117
http://lod.cedar-project.nl:8888/cedar/resource/VT_1869_01_H1-S3-J87-h,414,Buurt R.R,https://adamlink.nl/geo/district/buurt-rr/117
http://lod.cedar-project.nl:8888/cedar/resource/VT_1869_01_H1-S3-K87-h,802,Buurt R.R,https://adamlink.nl/geo/district/buurt-rr/117
http://lod.cedar-project.nl:8888/cedar/resource/VT_1869_01_H1-S3-L87-h,1337,Buurt R.R,https://adamlink.nl/geo/district/buurt-rr/117
http://lod.cedar-project.nl:8888/cedar/resource/VT_1869_01_H1-S3-M87-h,782,Buurt R.R,https://adamlink.nl/geo/district/buurt-rr/117
http://lod.cedar-project.nl:8888/cedar/resource/VT_1869_01_H1-S3-N87-h,1288,Buurt R.R,https://adamlink.nl/geo/district/buurt-rr/117
http://lod.cedar-project.nl:8888/cedar/resource/VT_1869_01_H1-S3-O87-h,20,Buurt R.R,https://adamlink.nl/geo/district/buurt-rr/117
http://lod.cedar-project.nl:8888/cedar/resource/VT_1869_01_H1-S3-P87-h,49,Buurt R.R,https://adamlink.nl/geo/district/buurt-rr/117
http://lod.cedar-project.nl:8888/cedar/resource/VT_1869_01_H1-S3-Q87-h,25,Buurt R.R,https://adamlink.nl/geo/district/buurt-rr/117
http://lod.cedar-project.nl:8888/cedar/resource/VT_1869_01_H1-S3-R87-h,11,Buurt R.R,https://adamlink.nl/geo/district/buurt-rr/117
http://lod.cedar-project.nl:8888/cedar/resource/VT_1869_01_H1-S3-F63-h,200,Buurt S,https://adamlink.nl/geo/district/buurt-s/145
http://lod.cedar-project.nl:8888/cedar/resource/VT_1869_01_H1-S3-G63-h,2,Buurt S,https://adamlink.nl/geo/district/buurt-s/145
http://lod.cedar-project.nl:8888/cedar/resource/VT_1869_01_H1-S3-J63-h,764,Buurt S,https://adamlink.nl/geo/district/buurt-s/145
http://lod.cedar-project.nl:8888/cedar/resource/VT_1869_01_H1-S3-K63-h,1683,Buurt S,https://adamlink.nl/geo/district/buurt-s/145
http://lod.cedar-project.nl:8888/cedar/resource/VT_1869_01_H1-S3-L63-h,1771,Buurt S,https://adamlink.nl/geo/district/buurt-s/145
http://lod.cedar-project.nl:8888/cedar/resource/VT_1869_01_H1-S3-M63-h,1683,Buurt S,https://adamlink.nl/geo/district/buurt-s/145
http://lod.cedar-project.nl:8888/cedar/resource/VT_1869_01_H1-S3-N63-h,1771,Buurt S,https://adamlink.nl/geo/district/buurt-s/145
http://lod.cedar-project.nl:8888/cedar/resource/VT_1869_01_H1-S3-Q63-h,18,Buurt S,https://adamlink.nl/geo/district/buurt-s/145
http://lod.cedar-project.nl:8888/cedar/resource/VT_1869_01_H1-S3-R63-h,10,Buurt S,https://adamlink.nl/geo/district/buurt-s/145
http://lod.cedar-project.nl:8888/cedar/resource/VT_1869_01_H1-S3-F88-h,481,Buurt S.S,https://adamlink.nl/geo/district/buurt-ss/118
http://lod.cedar-project.nl:8888/cedar/resource/VT_1869_01_H1-S3-G88-h,4,Buurt S.S,https://adamlink.nl/geo/district/buurt-ss/118
http://lod.cedar-project.nl:8888/cedar/resource/VT_1869_01_H1-S3-J88-h,818,Buurt S.S,https://adamlink.nl/geo/district/buurt-ss/118
http://lod.cedar-project.nl:8888/cedar/resource/VT_1869_01_H1-S3-K88-h,1553,Buurt S.S,https://adamlink.nl/geo/district/buurt-ss/118
http://lod.cedar-project.nl:8888/cedar/resource/VT_1869_01_H1-S3-L88-h,2369,Buurt S.S,https://adamlink.nl/geo/district/buurt-ss/118
http://lod.cedar-project.nl:8888/cedar/resource/VT_1869_01_H1-S3-M88-h,1535,Buurt S.S,https://adamlink.nl/geo/district/buurt-ss/118
http://lod.cedar-project.nl:8888/cedar/resource/VT_1869_01_H1-S3-N88-h,2339,Buurt S.S,https://adamlink.nl/geo/district/buurt-ss/118
http://lod.cedar-project.nl:8888/cedar/resource/VT_1869_01_H1-S3-O88-h,18,Buurt S.S,https://adamlink.nl/geo/district/buurt-ss/118
http://lod.cedar-project.nl:8888/cedar/resource/VT_1869_01_H1-S3-P88-h,30,Buurt S.S,https://adamlink.nl/geo/district/buurt-ss/118
http://lod.cedar-project.nl:8888/cedar/resource/VT_1869_01_H1-S3-Q88-h,58,Buurt S.S,https://adamlink.nl/geo/district/buurt-ss/118
http://lod.cedar-project.nl:8888/cedar/resource/VT_1869_01_H1-S3-R88-h,27,Buurt S.S,https://adamlink.nl/geo/district/buurt-ss/118
http://lod.cedar-project.nl:8888/cedar/resource/VT_1869_01_H1-S3-F64-h,784,Buurt T,https://adamlink.nl/geo/district/buurt-t/149
http://lod.cedar-project.nl:8888/cedar/resource/VT_1869_01_H1-S3-G64-h,14,Buurt T,https://adamlink.nl/geo/district/buurt-t/149
http://lod.cedar-project.nl:8888/cedar/resource/VT_1869_01_H1-S3-H64-h,5,Buurt T,https://adamlink.nl/geo/district/buurt-t/149
http://lod.cedar-project.nl:8888/cedar/resource/VT_1869_01_H1-S3-J64-h,2800,Buurt T,https://adamlink.nl/geo/district/buurt-t/149
http://lod.cedar-project.nl:8888/cedar/resource/VT_1869_01_H1-S3-K64-h,6209,Buurt T,https://adamlink.nl/geo/district/buurt-t/149
http://lod.cedar-project.nl:8888/cedar/resource/VT_1869_01_H1-S3-L64-h,6129,Buurt T,https://adamlink.nl/geo/district/buurt-t/149
http://lod.cedar-project.nl:8888/cedar/resource/VT_1869_01_H1-S3-M64-h,6187,Buurt T,https://adamlink.nl/geo/district/buurt-t/149
http://lod.cedar-project.nl:8888/cedar/resource/VT_1869_01_H1-S3-N64-h,6110,Buurt T,https://adamlink.nl/geo/district/buurt-t/149
http://lod.cedar-project.nl:8888/cedar/resource/VT_1869_01_H1-S3-O64-h,22,Buurt T,https://adamlink.nl/geo/district/buurt-t/149
http://lod.cedar-project.nl:8888/cedar/resource/VT_1869_01_H1-S3-P64-h,19,Buurt T,https://adamlink.nl/geo/district/buurt-t/149
http://lod.cedar-project.nl:8888/cedar/resource/VT_1869_01_H1-S3-Q64-h,252,Buurt T,https://adamlink.nl/geo/district/buurt-t/149
http://lod.cedar-project.nl:8888/cedar/resource/VT_1869_01_H1-S3-R64-h,22,Buurt T,https://adamlink.nl/geo/district/buurt-t/149
http://lod.cedar-project.nl:8888/cedar/resource/VT_1869_01_H1-S3-F89-h,464,Buurt T.T,https://adamlink.nl/geo/district/buurt-tt/105
http://lod.cedar-project.nl:8888/cedar/resource/VT_1869_01_H1-S3-G89-h,2,Buurt T.T,https://adamlink.nl/geo/district/buurt-tt/105
http://lod.cedar-project.nl:8888/cedar/resource/VT_1869_01_H1-S3-J89-h,1194,Buurt T.T,https://adamlink.nl/geo/district/buurt-tt/105
http://lod.cedar-project.nl:8888/cedar/resource/VT_1869_01_H1-S3-K89-h,2440,Buurt T.T,https://adamlink.nl/geo/district/buurt-tt/105
http://lod.cedar-project.nl:8888/cedar/resource/VT_1869_01_H1-S3-L89-h,2990,Buurt T.T,https://adamlink.nl/geo/district/buurt-tt/105
http://lod.cedar-project.nl:8888/cedar/resource/VT_1869_01_H1-S3-M89-h,2420,Buurt T.T,https://adamlink.nl/geo/district/buurt-tt/105
http://lod.cedar-project.nl:8888/cedar/resource/VT_1869_01_H1-S3-N89-h,2965,Buurt T.T,https://adamlink.nl/geo/district/buurt-tt/105
http://lod.cedar-project.nl:8888/cedar/resource/VT_1869_01_H1-S3-O89-h,20,Buurt T.T,https://adamlink.nl/geo/district/buurt-tt/105
http://lod.cedar-project.nl:8888/cedar/resource/VT_1869_01_H1-S3-P89-h,25,Buurt T.T,https://adamlink.nl/geo/district/buurt-tt/105
http://lod.cedar-project.nl:8888/cedar/resource/VT_1869_01_H1-S3-Q89-h,89,Buurt T.T,https://adamlink.nl/geo/district/buurt-tt/105
http://lod.cedar-project.nl:8888/cedar/resource/VT_1869_01_H1-S3-R89-h,15,Buurt T.T,https://adamlink.nl/geo/district/buurt-tt/105
http://lod.cedar-project.nl:8888/cedar/resource/VT_1869_01_H1-S3-F65-h,620,Buurt U,https://adamlink.nl/geo/district/buurt-u/148
http://lod.cedar-project.nl:8888/cedar/resource/VT_1869_01_H1-S3-G65-h,8,Buurt U,https://adamlink.nl/geo/district/buurt-u/148
http://lod.cedar-project.nl:8888/cedar/resource/VT_1869_01_H1-S3-H65-h,1,Buurt U,https://adamlink.nl/geo/district/buurt-u/148
http://lod.cedar-project.nl:8888/cedar/resource/VT_1869_01_H1-S3-I65-h,1,Buurt U,https://adamlink.nl/geo/district/buurt-u/148
http://lod.cedar-project.nl:8888/cedar/resource/VT_1869_01_H1-S3-J65-h,1862,Buurt U,https://adamlink.nl/geo/district/buurt-u/148
http://lod.cedar-project.nl:8888/cedar/resource/VT_1869_01_H1-S3-K65-h,4521,Buurt U,https://adamlink.nl/geo/district/buurt-u/148
http://lod.cedar-project.nl:8888/cedar/resource/VT_1869_01_H1-S3-L65-h,4513,Buurt U,https://adamlink.nl/geo/district/buurt-u/148
http://lod.cedar-project.nl:8888/cedar/resource/VT_1869_01_H1-S3-M65-h,4205,Buurt U,https://adamlink.nl/geo/district/buurt-u/148
http://lod.cedar-project.nl:8888/cedar/resource/VT_1869_01_H1-S3-N65-h,4472,Buurt U,https://adamlink.nl/geo/district/buurt-u/148
http://lod.cedar-project.nl:8888/cedar/resource/VT_1869_01_H1-S3-O65-h,316,Buurt U,https://adamlink.nl/geo/district/buurt-u/148
http://lod.cedar-project.nl:8888/cedar/resource/VT_1869_01_H1-S3-P65-h,41,Buurt U,https://adamlink.nl/geo/district/buurt-u/148
http://lod.cedar-project.nl:8888/cedar/resource/VT_1869_01_H1-S3-Q65-h,219,Buurt U,https://adamlink.nl/geo/district/buurt-u/148
http://lod.cedar-project.nl:8888/cedar/resource/VT_1869_01_H1-S3-R65-h,40,Buurt U,https://adamlink.nl/geo/district/buurt-u/148
http://lod.cedar-project.nl:8888/cedar/resource/VT_1869_01_H1-S3-F90-h,697,Buurt U.U,https://adamlink.nl/geo/district/buurt-uu/102
http://lod.cedar-project.nl:8888/cedar/resource/VT_1869_01_H1-S3-G90-h,6,Buurt U.U,https://adamlink.nl/geo/district/buurt-uu/102
http://lod.cedar-project.nl:8888/cedar/resource/VT_1869_01_H1-S3-H90-h,2,Buurt U.U,https://adamlink.nl/geo/district/buurt-uu/102
http://lod.cedar-project.nl:8888/cedar/resource/VT_1869_01_H1-S3-J90-h,1960,Buurt U.U,https://adamlink.nl/geo/district/buurt-uu/102
http://lod.cedar-project.nl:8888/cedar/resource/VT_1869_01_H1-S3-K90-h,3773,Buurt U.U,https://adamlink.nl/geo/district/buurt-uu/102
http://lod.cedar-project.nl:8888/cedar/resource/VT_1869_01_H1-S3-L90-h,4493,Buurt U.U,https://adamlink.nl/geo/district/buurt-uu/102
http://lod.cedar-project.nl:8888/cedar/resource/VT_1869_01_H1-S3-M90-h,3762,Buurt U.U,https://adamlink.nl/geo/district/buurt-uu/102
http://lod.cedar-project.nl:8888/cedar/resource/VT_1869_01_H1-S3-N90-h,4474,Buurt U.U,https://adamlink.nl/geo/district/buurt-uu/102
http://lod.cedar-project.nl:8888/cedar/resource/VT_1869_01_H1-S3-O90-h,11,Buurt U.U,https://adamlink.nl/geo/district/buurt-uu/102
http://lod.cedar-project.nl:8888/cedar/resource/VT_1869_01_H1-S3-P90-h,19,Buurt U.U,https://adamlink.nl/geo/district/buurt-uu/102
http://lod.cedar-project.nl:8888/cedar/resource/VT_1869_01_H1-S3-Q90-h,166,Buurt U.U,https://adamlink.nl/geo/district/buurt-uu/102
http://lod.cedar-project.nl:8888/cedar/resource/VT_1869_01_H1-S3-R90-h,25,Buurt U.U,https://adamlink.nl/geo/district/buurt-uu/102
http://lod.cedar-project.nl:8888/cedar/resource/VT_1869_01_H1-S3-F66-h,512,Buurt V,https://adamlink.nl/geo/district/buurt-v/147
http://lod.cedar-project.nl:8888/cedar/resource/VT_1869_01_H1-S3-G66-h,7,Buurt V,https://adamlink.nl/geo/district/buurt-v/147
http://lod.cedar-project.nl:8888/cedar/resource/VT_1869_01_H1-S3-H66-h,4,Buurt V,https://adamlink.nl/geo/district/buurt-v/147
http://lod.cedar-project.nl:8888/cedar/resource/VT_1869_01_H1-S3-J66-h,1041,Buurt V,https://adamlink.nl/geo/district/buurt-v/147
http://lod.cedar-project.nl:8888/cedar/resource/VT_1869_01_H1-S3-K66-h,2363,Buurt V,https://adamlink.nl/geo/district/buurt-v/147
http://lod.cedar-project.nl:8888/cedar/resource/VT_1869_01_H1-S3-L66-h,3084,Buurt V,https://adamlink.nl/geo/district/buurt-v/147
http://lod.cedar-project.nl:8888/cedar/resource/VT_1869_01_H1-S3-M66-h,2340,Buurt V,https://adamlink.nl/geo/district/buurt-v/147
http://lod.cedar-project.nl:8888/cedar/resource/VT_1869_01_H1-S3-N66-h,3065,Buurt V,https://adamlink.nl/geo/district/buurt-v/147
http://lod.cedar-project.nl:8888/cedar/resource/VT_1869_01_H1-S3-O66-h,23,Buurt V,https://adamlink.nl/geo/district/buurt-v/147
http://lod.cedar-project.nl:8888/cedar/resource/VT_1869_01_H1-S3-P66-h,19,Buurt V,https://adamlink.nl/geo/district/buurt-v/147
http://lod.cedar-project.nl:8888/cedar/resource/VT_1869_01_H1-S3-Q66-h,50,Buurt V,https://adamlink.nl/geo/district/buurt-v/147
http://lod.cedar-project.nl:8888/cedar/resource/VT_1869_01_H1-S3-R66-h,14,Buurt V,https://adamlink.nl/geo/district/buurt-v/147
http://lod.cedar-project.nl:8888/cedar/resource/VT_1869_01_H1-S3-F91-h,210,Buurt V.V,https://adamlink.nl/geo/district/buurt-vv/104
http://lod.cedar-project.nl:8888/cedar/resource/VT_1869_01_H1-S3-G91-h,3,Buurt V.V,https://adamlink.nl/geo/district/buurt-vv/104
http://lod.cedar-project.nl:8888/cedar/resource/VT_1869_01_H1-S3-J91-h,516,Buurt V.V,https://adamlink.nl/geo/district/buurt-vv/104
http://lod.cedar-project.nl:8888/cedar/resource/VT_1869_01_H1-S3-K91-h,1087,Buurt V.V,https://adamlink.nl/geo/district/buurt-vv/104
http://lod.cedar-project.nl:8888/cedar/resource/VT_1869_01_H1-S3-L91-h,1130,Buurt V.V,https://adamlink.nl/geo/district/buurt-vv/104
http://lod.cedar-project.nl:8888/cedar/resource/VT_1869_01_H1-S3-M91-h,1087,Buurt V.V,https://adamlink.nl/geo/district/buurt-vv/104
http://lod.cedar-project.nl:8888/cedar/resource/VT_1869_01_H1-S3-N91-h,1127,Buurt V.V,https://adamlink.nl/geo/district/buurt-vv/104
http://lod.cedar-project.nl:8888/cedar/resource/VT_1869_01_H1-S3-P91-h,3,Buurt V.V,https://adamlink.nl/geo/district/buurt-vv/104
http://lod.cedar-project.nl:8888/cedar/resource/VT_1869_01_H1-S3-Q91-h,61,Buurt V.V,https://adamlink.nl/geo/district/buurt-vv/104
http://lod.cedar-project.nl:8888/cedar/resource/VT_1869_01_H1-S3-R91-h,14,Buurt V.V,https://adamlink.nl/geo/district/buurt-vv/104
http://lod.cedar-project.nl:8888/cedar/resource/VT_1869_01_H1-S3-F67-h,638,Buurt W,https://adamlink.nl/geo/district/buurt-w/143
http://lod.cedar-project.nl:8888/cedar/resource/VT_1869_01_H1-S3-G67-h,2,Buurt W,https://adamlink.nl/geo/district/buurt-w/143
http://lod.cedar-project.nl:8888/cedar/resource/VT_1869_01_H1-S3-H67-h,22,Buurt W,https://adamlink.nl/geo/district/buurt-w/143
http://lod.cedar-project.nl:8888/cedar/resource/VT_1869_01_H1-S3-J67-h,1771,Buurt W,https://adamlink.nl/geo/district/buurt-w/143
http://lod.cedar-project.nl:8888/cedar/resource/VT_1869_01_H1-S3-K67-h,4695,Buurt W,https://adamlink.nl/geo/district/buurt-w/143
http://lod.cedar-project.nl:8888/cedar/resource/VT_1869_01_H1-S3-L67-h,6190,Buurt W,https://adamlink.nl/geo/district/buurt-w/143
http://lod.cedar-project.nl:8888/cedar/resource/VT_1869_01_H1-S3-M67-h,4670,Buurt W,https://adamlink.nl/geo/district/buurt-w/143
http://lod.cedar-project.nl:8888/cedar/resource/VT_1869_01_H1-S3-N67-h,6170,Buurt W,https://adamlink.nl/geo/district/buurt-w/143
http://lod.cedar-project.nl:8888/cedar/resource/VT_1869_01_H1-S3-O67-h,25,Buurt W,https://adamlink.nl/geo/district/buurt-w/143
http://lod.cedar-project.nl:8888/cedar/resource/VT_1869_01_H1-S3-P67-h,20,Buurt W,https://adamlink.nl/geo/district/buurt-w/143
http://lod.cedar-project.nl:8888/cedar/resource/VT_1869_01_H1-S3-Q67-h,40,Buurt W,https://adamlink.nl/geo/district/buurt-w/143
http://lod.cedar-project.nl:8888/cedar/resource/VT_1869_01_H1-S3-R67-h,16,Buurt W,https://adamlink.nl/geo/district/buurt-w/143
http://lod.cedar-project.nl:8888/cedar/resource/VT_1869_01_H1-S3-F92-h,186,Buurt W.W,https://adamlink.nl/geo/district/buurt-ww/103
http://lod.cedar-project.nl:8888/cedar/resource/VT_1869_01_H1-S3-G92-h,8,Buurt W.W,https://adamlink.nl/geo/district/buurt-ww/103
http://lod.cedar-project.nl:8888/cedar/resource/VT_1869_01_H1-S3-J92-h,263,Buurt W.W,https://adamlink.nl/geo/district/buurt-ww/103
http://lod.cedar-project.nl:8888/cedar/resource/VT_1869_01_H1-S3-K92-h,564,Buurt W.W,https://adamlink.nl/geo/district/buurt-ww/103
http://lod.cedar-project.nl:8888/cedar/resource/VT_1869_01_H1-S3-L92-h,609,Buurt W.W,https://adamlink.nl/geo/district/buurt-ww/103
http://lod.cedar-project.nl:8888/cedar/resource/VT_1869_01_H1-S3-M92-h,563,Buurt W.W,https://adamlink.nl/geo/district/buurt-ww/103
http://lod.cedar-project.nl:8888/cedar/resource/VT_1869_01_H1-S3-N92-h,609,Buurt W.W,https://adamlink.nl/geo/district/buurt-ww/103
http://lod.cedar-project.nl:8888/cedar/resource/VT_1869_01_H1-S3-O92-h,1,Buurt W.W,https://adamlink.nl/geo/district/buurt-ww/103
http://lod.cedar-project.nl:8888/cedar/resource/VT_1869_01_H1-S3-Q92-h,6,Buurt W.W,https://adamlink.nl/geo/district/buurt-ww/103
http://lod.cedar-project.nl:8888/cedar/resource/VT_1869_01_H1-S3-R92-h,5,Buurt W.W,https://adamlink.nl/geo/district/buurt-ww/103
http://lod.cedar-project.nl:8888/cedar/resource/VT_1869_01_H1-S3-F68-h,640,Buurt X,https://adamlink.nl/geo/district/buurt-x/127
http://lod.cedar-project.nl:8888/cedar/resource/VT_1869_01_H1-S3-G68-h,23,Buurt X,https://adamlink.nl/geo/district/buurt-x/127
http://lod.cedar-project.nl:8888/cedar/resource/VT_1869_01_H1-S3-J68-h,1130,Buurt X,https://adamlink.nl/geo/district/buurt-x/127
http://lod.cedar-project.nl:8888/cedar/resource/VT_1869_01_H1-S3-K68-h,2280,Buurt X,https://adamlink.nl/geo/district/buurt-x/127
http://lod.cedar-project.nl:8888/cedar/resource/VT_1869_01_H1-S3-L68-h,3213,Buurt X,https://adamlink.nl/geo/district/buurt-x/127
http://lod.cedar-project.nl:8888/cedar/resource/VT_1869_01_H1-S3-M68-h,2223,Buurt X,https://adamlink.nl/geo/district/buurt-x/127
http://lod.cedar-project.nl:8888/cedar/resource/VT_1869_01_H1-S3-N68-h,3168,Buurt X,https://adamlink.nl/geo/district/buurt-x/127
http://lod.cedar-project.nl:8888/cedar/resource/VT_1869_01_H1-S3-O68-h,57,Buurt X,https://adamlink.nl/geo/district/buurt-x/127
http://lod.cedar-project.nl:8888/cedar/resource/VT_1869_01_H1-S3-P68-h,45,Buurt X,https://adamlink.nl/geo/district/buurt-x/127
http://lod.cedar-project.nl:8888/cedar/resource/VT_1869_01_H1-S3-Q68-h,104,Buurt X,https://adamlink.nl/geo/district/buurt-x/127
http://lod.cedar-project.nl:8888/cedar/resource/VT_1869_01_H1-S3-R68-h,103,Buurt X,https://adamlink.nl/geo/district/buurt-x/127
http://lod.cedar-project.nl:8888/cedar/resource/VT_1869_01_H1-S3-F93-h,469,Buurt X.X (waarin de Overtoom),https://adamlink.nl/geo/district/buurt-xx/123
http://lod.cedar-project.nl:8888/cedar/resource/VT_1869_01_H1-S3-G93-h,25,Buurt X.X (waarin de Overtoom),https://adamlink.nl/geo/district/buurt-xx/123
http://lod.cedar-project.nl:8888/cedar/resource/VT_1869_01_H1-S3-J93-h,844,Buurt X.X (waarin de Overtoom),https://adamlink.nl/geo/district/buurt-xx/123
http://lod.cedar-project.nl:8888/cedar/resource/VT_1869_01_H1-S3-K93-h,1850,Buurt X.X (waarin de Overtoom),https://adamlink.nl/geo/district/buurt-xx/123
http://lod.cedar-project.nl:8888/cedar/resource/VT_1869_01_H1-S3-L93-h,2049,Buurt X.X (waarin de Overtoom),https://adamlink.nl/geo/district/buurt-xx/123
http://lod.cedar-project.nl:8888/cedar/resource/VT_1869_01_H1-S3-M93-h,1822,Buurt X.X (waarin de Overtoom),https://adamlink.nl/geo/district/buurt-xx/123
http://lod.cedar-project.nl:8888/cedar/resource/VT_1869_01_H1-S3-N93-h,2039,Buurt X.X (waarin de Overtoom),https://adamlink.nl/geo/district/buurt-xx/123
http://lod.cedar-project.nl:8888/cedar/resource/VT_1869_01_H1-S3-O93-h,28,Buurt X.X (waarin de Overtoom),https://adamlink.nl/geo/district/buurt-xx/123
http://lod.cedar-project.nl:8888/cedar/resource/VT_1869_01_H1-S3-P93-h,10,Buurt X.X (waarin de Overtoom),https://adamlink.nl/geo/district/buurt-xx/123
http://lod.cedar-project.nl:8888/cedar/resource/VT_1869_01_H1-S3-Q93-h,12,Buurt X.X (waarin de Overtoom),https://adamlink.nl/geo/district/buurt-xx/123
http://lod.cedar-project.nl:8888/cedar/resource/VT_1869_01_H1-S3-R93-h,7,Buurt X.X (waarin de Overtoom),https://adamlink.nl/geo/district/buurt-xx/123
http://lod.cedar-project.nl:8888/cedar/resource/VT_1869_01_H1-S3-F70-h,761,Buurt Z,https://adamlink.nl/geo/district/buurt-z/138
http://lod.cedar-project.nl:8888/cedar/resource/VT_1869_01_H1-S3-G70-h,12,https://adamlink.nl/geo/district/buurt-z/138,https://adamlink.nl/geo/district/buurt-z/138
http://lod.cedar-project.nl:8888/cedar/resource/VT_1869_01_H1-S3-H70-h,17,https://adamlink.nl/geo/district/buurt-z/138,https://adamlink.nl/geo/district/buurt-z/138
http://lod.cedar-project.nl:8888/cedar/resource/VT_1869_01_H1-S3-J70-h,1530,https://adamlink.nl/geo/district/buurt-z/138,https://adamlink.nl/geo/district/buurt-z/138
http://lod.cedar-project.nl:8888/cedar/resource/VT_1869_01_H1-S3-K70-h,3009,https://adamlink.nl/geo/district/buurt-z/138,https://adamlink.nl/geo/district/buurt-z/138
http://lod.cedar-project.nl:8888/cedar/resource/VT_1869_01_H1-S3-L70-h,3960,https://adamlink.nl/geo/district/buurt-z/138,https://adamlink.nl/geo/district/buurt-z/138
http://lod.cedar-project.nl:8888/cedar/resource/VT_1869_01_H1-S3-M70-h,2991,https://adamlink.nl/geo/district/buurt-z/138,https://adamlink.nl/geo/district/buurt-z/138
http://lod.cedar-project.nl:8888/cedar/resource/VT_1869_01_H1-S3-N70-h,3936,https://adamlink.nl/geo/district/buurt-z/138,https://adamlink.nl/geo/district/buurt-z/138
http://lod.cedar-project.nl:8888/cedar/resource/VT_1869_01_H1-S3-O70-h,18,https://adamlink.nl/geo/district/buurt-z/138,https://adamlink.nl/geo/district/buurt-z/138
http://lod.cedar-project.nl:8888/cedar/resource/VT_1869_01_H1-S3-P70-h,24,https://adamlink.nl/geo/district/buurt-z/138,https://adamlink.nl/geo/district/buurt-z/138
http://lod.cedar-project.nl:8888/cedar/resource/VT_1869_01_H1-S3-Q70-h,82,https://adamlink.nl/geo/district/buurt-z/138,https://adamlink.nl/geo/district/buurt-z/138
http://lod.cedar-project.nl:8888/cedar/resource/VT_1869_01_H1-S3-R70-h,48,https://adamlink.nl/geo/district/buurt-z/138,https://adamlink.nl/geo/district/buurt-z/138
http://lod.cedar-project.nl:8888/cedar/resource/VT_1869_01_H1-S3-F95-h,207,https://adamlink.nl/geo/district/buurt-z/138.Z (waarin de Weesperzijde),https://adamlink.nl/geo/district/buurt-zz/150
http://lod.cedar-project.nl:8888/cedar/resource/VT_1869_01_H1-S3-G95-h,35,https://adamlink.nl/geo/district/buurt-z/138.Z (waarin de Weesperzijde),https://adamlink.nl/geo/district/buurt-zz/150
http://lod.cedar-project.nl:8888/cedar/resource/VT_1869_01_H1-S3-H95-h,2,https://adamlink.nl/geo/district/buurt-z/138.Z (waarin de Weesperzijde),https://adamlink.nl/geo/district/buurt-zz/150
http://lod.cedar-project.nl:8888/cedar/resource/VT_1869_01_H1-S3-J95-h,324,https://adamlink.nl/geo/district/buurt-z/138.Z (waarin de Weesperzijde),https://adamlink.nl/geo/district/buurt-zz/150
http://lod.cedar-project.nl:8888/cedar/resource/VT_1869_01_H1-S3-K95-h,724,https://adamlink.nl/geo/district/buurt-z/138.Z (waarin de Weesperzijde),https://adamlink.nl/geo/district/buurt-zz/150
http://lod.cedar-project.nl:8888/cedar/resource/VT_1869_01_H1-S3-L95-h,755,https://adamlink.nl/geo/district/buurt-z/138.Z (waarin de Weesperzijde),https://adamlink.nl/geo/district/buurt-zz/150
http://lod.cedar-project.nl:8888/cedar/resource/VT_1869_01_H1-S3-M95-h,717,https://adamlink.nl/geo/district/buurt-z/138.Z (waarin de Weesperzijde),https://adamlink.nl/geo/district/buurt-zz/150
http://lod.cedar-project.nl:8888/cedar/resource/VT_1869_01_H1-S3-N95-h,749,https://adamlink.nl/geo/district/buurt-z/138.Z (waarin de Weesperzijde),https://adamlink.nl/geo/district/buurt-zz/150
http://lod.cedar-project.nl:8888/cedar/resource/VT_1869_01_H1-S3-O95-h,7,https://adamlink.nl/geo/district/buurt-z/138.Z (waarin de Weesperzijde),https://adamlink.nl/geo/district/buurt-zz/150
http://lod.cedar-project.nl:8888/cedar/resource/VT_1869_01_H1-S3-P95-h,6,https://adamlink.nl/geo/district/buurt-z/138.Z (waarin de Weesperzijde),https://adamlink.nl/geo/district/buurt-zz/150
http://lod.cedar-project.nl:8888/cedar/resource/VT_1869_01_H1-S3-Q95-h,7,https://adamlink.nl/geo/district/buurt-z/138.Z (waarin de Weesperzijde),https://adamlink.nl/geo/district/buurt-zz/150
http://lod.cedar-project.nl:8888/cedar/resource/VT_1869_01_H1-S3-R95-h,5,https://adamlink.nl/geo/district/buurt-z/138.Z (waarin de Weesperzijde),https://adamlink.nl/geo/district/buurt-zz/150
http://lod.cedar-project.nl:8888/cedar/resource/VT_1869_01_H1-S3-I101-h,586,S[chepen],S[chepen]
http://lod.cedar-project.nl:8888/cedar/resource/VT_1869_01_H1-S3-J101-h,533,S[chepen],S[chepen]
http://lod.cedar-project.nl:8888/cedar/resource/VT_1869_01_H1-S3-K101-h,1779,S[chepen],S[chepen]
http://lod.cedar-project.nl:8888/cedar/resource/VT_1869_01_H1-S3-L101-h,891,S[chepen],S[chepen]
http://lod.cedar-project.nl:8888/cedar/resource/VT_1869_01_H1-S3-M101-h,458,S[chepen],S[chepen]
http://lod.cedar-project.nl:8888/cedar/resource/VT_1869_01_H1-S3-N101-h,247,S[chepen],S[chepen]
http://lod.cedar-project.nl:8888/cedar/resource/VT_1869_01_H1-S3-O101-h,1321,S[chepen],S[chepen]
http://lod.cedar-project.nl:8888/cedar/resource/VT_1869_01_H1-S3-P101-h,644,S[chepen],S[chepen]
http://lod.cedar-project.nl:8888/cedar/resource/VT_1869_01_H1-S3-Q101-h,296,S[chepen],S[chepen]
http://lod.cedar-project.nl:8888/cedar/resource/VT_1869_01_H1-S3-R101-h,268,S[chepen],S[chepen]
http://lod.cedar-project.nl:8888/cedar/resource/VT_1869_01_H1-S3-I96-h,129,"Schepen te Amsterdam te huis behoorende, aanwezig ","Schepen te Amsterdam te huis behoorende, aanwezig "
http://lod.cedar-project.nl:8888/cedar/resource/VT_1869_01_H1-S3-J96-h,120,"Schepen te Amsterdam te huis behoorende, aanwezig ","Schepen te Amsterdam te huis behoorende, aanwezig "
http://lod.cedar-project.nl:8888/cedar/resource/VT_1869_01_H1-S3-K96-h,464,"Schepen te Amsterdam te huis behoorende, aanwezig ","Schepen te Amsterdam te huis behoorende, aanwezig "
http://lod.cedar-project.nl:8888/cedar/resource/VT_1869_01_H1-S3-L96-h,246,"Schepen te Amsterdam te huis behoorende, aanwezig ","Schepen te Amsterdam te huis behoorende, aanwezig "
http://lod.cedar-project.nl:8888/cedar/resource/VT_1869_01_H1-S3-M96-h,448,"Schepen te Amsterdam te huis behoorende, aanwezig ","Schepen te Amsterdam te huis behoorende, aanwezig "
http://lod.cedar-project.nl:8888/cedar/resource/VT_1869_01_H1-S3-N96-h,245,"Schepen te Amsterdam te huis behoorende, aanwezig ","Schepen te Amsterdam te huis behoorende, aanwezig "
http://lod.cedar-project.nl:8888/cedar/resource/VT_1869_01_H1-S3-O96-h,16,"Schepen te Amsterdam te huis behoorende, aanwezig ","Schepen te Amsterdam te huis behoorende, aanwezig "
http://lod.cedar-project.nl:8888/cedar/resource/VT_1869_01_H1-S3-P96-h,1,"Schepen te Amsterdam te huis behoorende, aanwezig ","Schepen te Amsterdam te huis behoorende, aanwezig "
http://lod.cedar-project.nl:8888/cedar/resource/VT_1869_01_H1-S3-Q96-h,12,"Schepen te Amsterdam te huis behoorende, aanwezig ","Schepen te Amsterdam te huis behoorende, aanwezig "
http://lod.cedar-project.nl:8888/cedar/resource/VT_1869_01_H1-S3-R96-h,2,"Schepen te Amsterdam te huis behoorende, aanwezig ","Schepen te Amsterdam te huis behoorende, aanwezig "
http://lod.cedar-project.nl:8888/cedar/resource/VT_1869_01_H1-S3-I98-h,457,Tijdelijk aanwezige schepen,Tijdelijk aanwezige schepen
http://lod.cedar-project.nl:8888/cedar/resource/VT_1869_01_H1-S3-J98-h,413,Tijdelijk aanwezige schepen,Tijdelijk aanwezige schepen
http://lod.cedar-project.nl:8888/cedar/resource/VT_1869_01_H1-S3-K98-h,1315,Tijdelijk aanwezige schepen,Tijdelijk aanwezige schepen
http://lod.cedar-project.nl:8888/cedar/resource/VT_1869_01_H1-S3-L98-h,645,Tijdelijk aanwezige schepen,Tijdelijk aanwezige schepen
http://lod.cedar-project.nl:8888/cedar/resource/VT_1869_01_H1-S3-M98-h,10,Tijdelijk aanwezige schepen,Tijdelijk aanwezige schepen
http://lod.cedar-project.nl:8888/cedar/resource/VT_1869_01_H1-S3-N98-h,2,Tijdelijk aanwezige schepen,Tijdelijk aanwezige schepen
http://lod.cedar-project.nl:8888/cedar/resource/VT_1869_01_H1-S3-O98-h,1305,Tijdelijk aanwezige schepen,Tijdelijk aanwezige schepen
http://lod.cedar-project.nl:8888/cedar/resource/VT_1869_01_H1-S3-P98-h,643,Tijdelijk aanwezige schepen,Tijdelijk aanwezige schepen
http://lod.cedar-project.nl:8888/cedar/resource/VT_1869_01_H1-S3-Q97-h,284,Tijdelijk aanwezige schepen,Tijdelijk aanwezige schepen
